"module","level","key","english","bangla","needsReview"
"logText","cadet","abort.rejected.window","Can't leave yet — the launch window isn't open.","এখনই যাওয়া যাবে না — যাত্রার সময় এখনো আসেনি।","TRUE"
"logText","cadet","atmosphere.chronicCo2Exposure","Breathing bad air for so long has worn the crew down for good.","অনেকক্ষণ ধরে খারাপ বাতাসে থাকায় ক্রু চিরতরে দুর্বল হয়ে পড়েছে।","TRUE"
"logText","cadet","atmosphere.co2AboveLimit","Too much bad air in the cabin.","কেবিনে অনেক বেশি খারাপ বাতাস জমেছে।","TRUE"
"logText","cadet","atmosphere.lowOxygen","Getting short on air to breathe.","শ্বাস নেওয়ার বাতাস কমে যাচ্ছে।","TRUE"
"logText","cadet","atmosphere.scrubberOffline","The air cleaner is off. Bad air is building up.","বাতাস পরিষ্কারক বন্ধ। খারাপ বাতাস জমছে।","TRUE"
"logText","cadet","comms.blackoutEnd","You can talk to Earth again!","আপনি আবার পৃথিবীর সাথে কথা বলতে পারবেন!","TRUE"
"logText","cadet","comms.blackoutStart","The Sun is blocking the signal — no messages from Earth for a while.","সূর্য সংকেত আটকে দিচ্ছে — কিছুক্ষণ পৃথিবী থেকে কোনো বার্তা আসবে না।","TRUE"
"logText","cadet","crew.co2Idlh","{crew} is breathing dangerously bad air!","{crew} খুব খারাপ বাতাসে শ্বাস নিচ্ছে!","TRUE"
"logText","cadet","crew.cold","{crew} is cold.","{crew}-এর ঠান্ডা লাগছে।","TRUE"
"logText","cadet","crew.lost","{crew} could not be saved.","{crew}-কে বাঁচানো যায়নি।","TRUE"
"logText","cadet","crew.lost.hypothermia","{crew} became too sick to continue. The mission had to end.","{crew} খুব অসুস্থ হয়ে পড়েছিল। মিশন থামাতে হয়েছে।","TRUE"
"logText","cadet","crew.lost.hypoxia","{crew} became too sick to continue. The mission had to end.","{crew} খুব অসুস্থ হয়ে পড়েছিল। মিশন থামাতে হয়েছে।","TRUE"
"logText","cadet","crew.lost.radiation","{crew} became too sick to continue. The mission had to end.","{crew} খুব অসুস্থ হয়ে পড়েছিল। মিশন থামাতে হয়েছে।","TRUE"
"logText","cadet","crew.lost.starvation","{crew} became too sick to continue. The mission had to end.","{crew} খুব অসুস্থ হয়ে পড়েছিল। মিশন থামাতে হয়েছে।","TRUE"
"logText","cadet","crew.lost.thirst","{crew} became too sick to continue. The mission had to end.","{crew} খুব অসুস্থ হয়ে পড়েছিল। মিশন থামাতে হয়েছে।","TRUE"
"logText","cadet","crew.noWater","{crew} has no water to drink.","{crew}-এর কাছে খাওয়ার পানি নেই।","TRUE"
"logText","cadet","decision.commsPriority.set","Now sending {priority}.","এখন {priority} পাঠানো হচ্ছে।","TRUE"
"logText","cadet","decision.crewLocation.set","{crew} went to {location}.","{crew} {location}-এ গিয়েছে।","TRUE"
"logText","cadet","decision.priority.changed","{system} moved {direction} the power list.","{system} বিদ্যুতের তালিকায় {direction} সরানো হয়েছে।","TRUE"
"logText","cadet","decision.rations.set","Switched to {mode}.","{mode}-এ পরিবর্তন করা হয়েছে।","TRUE"
"logText","cadet","decision.station.assigned","{crew} is now on {station}.","{crew} এখন {station}-এ আছে।","TRUE"
"logText","cadet","end.abort","The crew decided to end the mission early.","ক্রু মিশন তাড়াতাড়ি শেষ করার সিদ্ধান্ত নিয়েছে।","TRUE"
"logText","cadet","end.crewLost","The mission could not continue.","মিশন চালিয়ে যাওয়া যায়নি।","TRUE"
"logText","cadet","end.doseLimitExceeded","{crew} got too much space radiation. The mission had to end.","{crew} অনেক বেশি মহাকাশ বিকিরণ পেয়েছে। মিশন থামাতে হয়েছে।","TRUE"
"logText","cadet","end.goalMissed","The mission's main goal wasn't finished this time.","এবার মিশনের মূল লক্ষ্য শেষ করা যায়নি।","TRUE"
"logText","cadet","end.missionComplete","You did it! Everyone made it home safely.","আপনি পেরেছেন! সবাই নিরাপদে বাড়ি ফিরেছে।","TRUE"
"logText","cadet","food.exhausted","There's no food left!","কোনো খাবার বাকি নেই!","TRUE"
"logText","cadet","food.growLightsOff","The garden lights are off — plants aren't growing.","বাগানের আলো বন্ধ — গাছ বাড়ছে না।","TRUE"
"logText","cadet","food.harvest","Picked some {crop} from the garden!","বাগান থেকে কিছু {crop} তোলা হয়েছে!","TRUE"
"logText","cadet","food.lowReserve","Food is running low.","খাবার কমে যাচ্ছে।","TRUE"
"logText","cadet","hazard.cropBlight","The {crop} got sick.","{crop} অসুস্থ হয়ে পড়েছে।","TRUE"
"logText","cadet","hazard.cropBlight.start","Something is making the plants sick.","কিছু একটা গাছগুলোকে অসুস্থ করে দিচ্ছে।","TRUE"
"logText","cadet","hazard.dustStorm.obscuring","Dust is covering the solar panels.","ধুলা সোলার প্যানেল ঢেকে দিচ্ছে।","TRUE"
"logText","cadet","hazard.dustStorm.start","A dust storm is starting! It will block sunlight for a while.","ধুলিঝড় শুরু হচ্ছে! এটি কিছুক্ষণ সূর্যের আলো আটকাবে।","TRUE"
"logText","cadet","hazard.pumpFailure","{system} isn't working.","{system} কাজ করছে না।","TRUE"
"logText","cadet","hazard.pumpFailure.start","A pump just broke!","একটি পাম্প এইমাত্র ভেঙে গেছে!","TRUE"
"logText","cadet","hazard.solarParticleEvent.start","A solar storm is coming — get everyone to the safe room!","সৌর ঝড় আসছে — সবাইকে নিরাপদ ঘরে নিয়ে যান!","TRUE"
"logText","cadet","hazard.spe.crewExposed","{crew} isn't in the safe room during the storm.","{crew} ঝড়ের সময় নিরাপদ ঘরে নেই।","TRUE"
"logText","cadet","incident.coolant-ms22.detected","You noticed the cold problem!","আপনি ঠান্ডার সমস্যা লক্ষ্য করেছেন!","TRUE"
"logText","cadet","incident.coolant-ms22.overheating","It's getting colder — down {riseC} degrees.","আরও ঠান্ডা হয়ে যাচ্ছে — {riseC} ডিগ্রি কমেছে।","TRUE"
"logText","cadet","incident.coolant-ms22.queued","Working on the cold problem: {response} (still needs {hoursRemaining} hour(s)).","ঠান্ডার সমস্যা নিয়ে কাজ চলছে: {response} (আরও {hoursRemaining} ঘণ্টা লাগবে)।","TRUE"
"logText","cadet","incident.coolant-ms22.resolved","The cold problem is dealt with: {response}.","ঠান্ডার সমস্যা মিটেছে: {response}।","TRUE"
"logText","cadet","incident.coolant-ms22.responseFailed","That didn't work: {response} for the cold problem.","এটি কাজ করেনি: ঠান্ডার সমস্যার জন্য {response}।","TRUE"
"logText","cadet","incident.coolant-ms22.responseImpossible","Nobody's free to try {response} for the cold problem right now.","এখন ঠান্ডার সমস্যার জন্য {response} চেষ্টা করার মতো কেউ নেই।","TRUE"
"logText","cadet","incident.coolant-ms22.start","A coolant leak means the cabin can't stay warm! ({analogue})","কুল্যান্ট ফুটোর কারণে কেবিন গরম রাখা যাচ্ছে না! ({analogue})","TRUE"
"logText","cadet","incident.depress-mir97.detected","You noticed the air leak!","আপনি বাতাসের ফুটো লক্ষ্য করেছেন!","TRUE"
"logText","cadet","incident.depress-mir97.leaking","Air is escaping fast — {lostKg} kg gone.","বাতাস দ্রুত বেরিয়ে যাচ্ছে — {lostKg} কেজি চলে গেছে।","TRUE"
"logText","cadet","incident.depress-mir97.queued","Working on the air leak: {response} (still needs {hoursRemaining} hour(s)).","ফুটো নিয়ে কাজ চলছে: {response} (আরও {hoursRemaining} ঘণ্টা লাগবে)।","TRUE"
"logText","cadet","incident.depress-mir97.resolved","The leak is dealt with: {response}.","ফুটোর সমস্যা মিটেছে: {response}।","TRUE"
"logText","cadet","incident.depress-mir97.responseFailed","That didn't work: {response} for the air leak.","এটি কাজ করেনি: ফুটোর জন্য {response}।","TRUE"
"logText","cadet","incident.depress-mir97.responseImpossible","Nobody's free to try {response} for the air leak right now.","এখন ফুটোর জন্য {response} চেষ্টা করার মতো কেউ নেই।","TRUE"
"logText","cadet","incident.depress-mir97.start","Air is leaking out of the cabin! ({analogue})","কেবিন থেকে বাতাস বের হয়ে যাচ্ছে! ({analogue})","TRUE"
"logText","cadet","incident.duststorm-2018.batteryDegraded","The batteries got drained so low they don't hold as much charge anymore.","ব্যাটারি এত কমে গিয়েছিল যে এখন আর আগের মতো চার্জ ধরে রাখতে পারে না।","TRUE"
"logText","cadet","incident.duststorm-2018.detected","You noticed the dust storm!","আপনি ধুলিঝড় লক্ষ্য করেছেন!","TRUE"
"logText","cadet","incident.duststorm-2018.queued","Working on the dust storm: {response} (still needs {hoursRemaining} hour(s)).","ধুলিঝড় নিয়ে কাজ চলছে: {response} (আরও {hoursRemaining} ঘণ্টা লাগবে)।","TRUE"
"logText","cadet","incident.duststorm-2018.resolved","The dust storm is dealt with: {response}.","ধুলিঝড়ের সমস্যা মিটেছে: {response}।","TRUE"
"logText","cadet","incident.duststorm-2018.responseFailed","That didn't work: {response} for the dust storm.","এটি কাজ করেনি: ধুলিঝড়ের জন্য {response}।","TRUE"
"logText","cadet","incident.duststorm-2018.responseImpossible","Nobody's free to try {response} for the dust storm right now.","এখন ধুলিঝড়ের জন্য {response} চেষ্টা করার মতো কেউ নেই।","TRUE"
"logText","cadet","incident.duststorm-2018.severe","The solar panels are almost fully covered in dust.","সোলার প্যানেল প্রায় পুরোপুরি ধুলায় ঢাকা।","TRUE"
"logText","cadet","incident.duststorm-2018.start","A massive dust storm is here! ({analogue})","একটি বিশাল ধুলিঝড় এসেছে! ({analogue})","TRUE"
"logText","cadet","incident.fire-mir97.crewInjured","{crew} got hurt in the fire!","আগুনে {crew} আহত হয়েছে!","TRUE"
"logText","cadet","incident.fire-mir97.detected","You noticed the fire!","আপনি আগুন লক্ষ্য করেছেন!","TRUE"
"logText","cadet","incident.fire-mir97.extinguishersExhausted","Ran out of fire extinguishers mid-fight — someone got hurt worse because of it.","আগুন নেভানোর মাঝপথে অগ্নিনির্বাপক শেষ হয়ে গিয়েছিল — তাই কেউ আরও বেশি আহত হয়েছে।","TRUE"
"logText","cadet","incident.fire-mir97.queued","Working on the fire: {response} (still needs {hoursRemaining} hour(s)).","আগুন নিয়ে কাজ চলছে: {response} (আরও {hoursRemaining} ঘণ্টা লাগবে)।","TRUE"
"logText","cadet","incident.fire-mir97.resolved","The fire is dealt with: {response}.","আগুনের সমস্যা মিটেছে: {response}।","TRUE"
"logText","cadet","incident.fire-mir97.respiratorsExhausted","Out of respirator cartridges — the crew's stuck with weaker filter masks for now.","রেসপিরেটর কার্তুজ শেষ — ক্রুকে এখন হালকা মাস্ক পরে থাকতে হচ্ছে।","TRUE"
"logText","cadet","incident.fire-mir97.responseFailed","That didn't work: {response} for the fire.","এটি কাজ করেনি: আগুনের জন্য {response}।","TRUE"
"logText","cadet","incident.fire-mir97.responseImpossible","Nobody's free to try {response} for the fire right now.","এখন আগুনের জন্য {response} চেষ্টা করার মতো কেউ নেই।","TRUE"
"logText","cadet","incident.fire-mir97.start","Fire! ({analogue})","আগুন! ({analogue})","TRUE"
"logText","cadet","incident.o2tank-apollo13.detected","You noticed the oxygen problem!","আপনি অক্সিজেনের সমস্যা লক্ষ্য করেছেন!","TRUE"
"logText","cadet","incident.o2tank-apollo13.queued","Working on the oxygen problem: {response} (still needs {hoursRemaining} hour(s)).","অক্সিজেন সমস্যা নিয়ে কাজ চলছে: {response} (আরও {hoursRemaining} ঘণ্টা লাগবে)।","TRUE"
"logText","cadet","incident.o2tank-apollo13.resolved","The oxygen problem is dealt with: {response}.","অক্সিজেনের সমস্যা মিটেছে: {response}।","TRUE"
"logText","cadet","incident.o2tank-apollo13.responseFailed","That didn't work: {response} for the oxygen problem.","এটি কাজ করেনি: অক্সিজেন সমস্যার জন্য {response}।","TRUE"
"logText","cadet","incident.o2tank-apollo13.responseImpossible","Nobody's free to try {response} for the oxygen problem right now.","এখন অক্সিজেন সমস্যার জন্য {response} চেষ্টা করার মতো কেউ নেই।","TRUE"
"logText","cadet","incident.o2tank-apollo13.rupture","Oxygen tank burst — {lostKg} kg of air lost.","অক্সিজেন ট্যাংক ফেটে গেছে — {lostKg} কেজি বাতাস হারিয়েছে।","TRUE"
"logText","cadet","incident.o2tank-apollo13.start","An oxygen tank just failed! ({analogue})","একটি অক্সিজেন ট্যাংক এইমাত্র নষ্ট হয়ে গেছে! ({analogue})","TRUE"
"logText","cadet","incident.scrubber-iss.detected","You noticed the air cleaner problem!","আপনি বাতাস পরিষ্কারকের সমস্যা লক্ষ্য করেছেন!","TRUE"
"logText","cadet","incident.scrubber-iss.queued","Working on the air cleaner problem: {response} (still needs {hoursRemaining} hour(s)).","বাতাস পরিষ্কারকের সমস্যা নিয়ে কাজ চলছে: {response} (আরও {hoursRemaining} ঘণ্টা লাগবে)।","TRUE"
"logText","cadet","incident.scrubber-iss.recurring","The air cleaner is breaking down way more than usual.","বাতাস পরিষ্কারক স্বাভাবিকের চেয়ে অনেক বেশি বিকল হচ্ছে।","TRUE"
"logText","cadet","incident.scrubber-iss.resolved","The air cleaner problem is dealt with: {response}.","বাতাস পরিষ্কারকের সমস্যা মিটেছে: {response}।","TRUE"
"logText","cadet","incident.scrubber-iss.responseFailed","That didn't work: {response} for the air cleaner problem.","এটি কাজ করেনি: বাতাস পরিষ্কারকের সমস্যার জন্য {response}।","TRUE"
"logText","cadet","incident.scrubber-iss.responseImpossible","Nobody's free to try {response} for the air cleaner problem right now.","এখন বাতাস পরিষ্কারকের সমস্যার জন্য {response} চেষ্টা করার মতো কেউ নেই।","TRUE"
"logText","cadet","incident.scrubber-iss.start","The air cleaner keeps breaking! ({analogue})","বাতাস পরিষ্কারক বারবার ভেঙে যাচ্ছে! ({analogue})","TRUE"
"logText","cadet","incident.spe-1972.detected","You noticed the solar storm!","আপনি সৌর ঝড় লক্ষ্য করেছেন!","TRUE"
"logText","cadet","incident.spe-1972.electronicsDegraded","The solar storm broke part of {system} for good.","সৌর ঝড় {system}-এর একটি অংশ চিরতরে নষ্ট করে দিয়েছে।","TRUE"
"logText","cadet","incident.spe-1972.queued","Working on the solar storm: {response} (still needs {hoursRemaining} hour(s)).","সৌর ঝড় নিয়ে কাজ চলছে: {response} (আরও {hoursRemaining} ঘণ্টা লাগবে)।","TRUE"
"logText","cadet","incident.spe-1972.resolved","The solar storm is dealt with: {response}.","সৌর ঝড়ের সমস্যা মিটেছে: {response}।","TRUE"
"logText","cadet","incident.spe-1972.responseFailed","That didn't work: {response} for the solar storm.","এটি কাজ করেনি: সৌর ঝড়ের জন্য {response}।","TRUE"
"logText","cadet","incident.spe-1972.responseImpossible","Nobody's free to try {response} for the solar storm right now.","এখন সৌর ঝড়ের জন্য {response} চেষ্টা করার মতো কেউ নেই।","TRUE"
"logText","cadet","incident.spe-1972.spike","Radiation is spiking fast!","বিকিরণ দ্রুত বাড়ছে!","TRUE"
"logText","cadet","incident.spe-1972.start","A huge solar storm is hitting! ({analogue})","একটি বিশাল সৌর ঝড় আঘাত হানছে! ({analogue})","TRUE"
"logText","cadet","isru.passedMoxieMissionTotal","Your air machine has now made more oxygen than the real MOXIE made on its whole mission!","আপনার বাতাস তৈরির যন্ত্র এখন আসল MOXIE-র পুরো মিশনের চেয়ে বেশি অক্সিজেন তৈরি করেছে!","TRUE"
"logText","cadet","power.batteryDepleted","The batteries are empty and there isn't enough power coming in.","ব্যাটারি খালি, আর পর্যাপ্ত বিদ্যুৎ আসছে না।","TRUE"
"logText","cadet","power.brownout","Not enough power! {shedCount} thing(s) had to switch off.","বিদ্যুৎ কম পড়ছে! {shedCount}টি জিনিস বন্ধ করতে হয়েছে।","TRUE"
"logText","cadet","power.systemShed","{system} switched off to save power.","বিদ্যুৎ বাঁচাতে {system} বন্ধ করা হয়েছে।","TRUE"
"logText","cadet","radiation.aboveDesignTarget","Getting more space radiation than usual.","স্বাভাবিকের চেয়ে বেশি মহাকাশ বিকিরণ আসছে।","TRUE"
"logText","cadet","radiation.careerLimitExceeded","{crew} has had too much space radiation over the mission.","{crew} সারা মিশনে অনেক বেশি বিকিরণ পেয়েছে।","TRUE"
"logText","cadet","radiation.eventLimitExceeded","{crew} got too much radiation from the storm.","ঝড় থেকে {crew} অনেক বেশি বিকিরণ পেয়েছে।","TRUE"
"logText","cadet","system.failure","{system} broke down.","{system} ভেঙে গেছে।","TRUE"
"logText","cadet","system.repairAttemptFailed","Tried to fix {system}, but it didn't work.","{system} ঠিক করার চেষ্টা করা হয়েছিল, কিন্তু কাজ হয়নি।","TRUE"
"logText","cadet","system.repaired","{system} is fixed again!","{system} আবার ঠিক হয়ে গেছে!","TRUE"
"logText","cadet","thermal.freezeRisk","It's freezing in here! The water pipes could freeze.","এখানে খুব ঠান্ডা! পানির পাইপ জমে যেতে পারে।","TRUE"
"logText","cadet","thermal.heaterUnpowered","The heater has no power. It's getting cold.","হিটারে বিদ্যুৎ নেই। ঠান্ডা লাগছে।","TRUE"
"logText","cadet","water.belowOneDayReserve","Only about a day of water left!","মাত্র একদিনের মতো পানি বাকি আছে!","TRUE"
"logText","cadet","water.insufficientForElectrolysis","Not enough water left to make more air.","আরও বাতাস তৈরির জন্য যথেষ্ট পানি নেই।","TRUE"
"logText","cadet","water.recoveryOffline","The water cleaner is off — water is being wasted.","পানি পরিষ্কারক বন্ধ — পানি নষ্ট হচ্ছে।","TRUE"
"logText","specialist","abort.rejected.window","Abort request denied — outside the Mars departure window.","বাতিলের অনুরোধ প্রত্যাখ্যাত — মঙ্গল প্রস্থান উইন্ডোর বাইরে।","TRUE"
"logText","specialist","atmosphere.chronicCo2Exposure","Sustained CO₂ exposure above the limit has left a lasting mark on the crew.","দীর্ঘস্থায়ী উচ্চ CO₂-এর সংস্পর্শ ক্রুর ওপর স্থায়ী প্রভাব ফেলেছে।","TRUE"
"logText","specialist","atmosphere.co2AboveLimit","CO₂ at {co2MmHg} mmHg, above the {limitMmHg} mmHg limit.","CO₂ {co2MmHg} mmHg, সীমা {limitMmHg} mmHg-এর বেশি।","TRUE"
"logText","specialist","atmosphere.lowOxygen","Oxygen down to {o2MmHg} mmHg.","অক্সিজেন {o2MmHg} mmHg-এ নেমে গেছে।","TRUE"
"logText","specialist","atmosphere.scrubberOffline","CO₂ scrubber offline. {co2Kg} kg of CO₂ in the cabin.","CO₂ স্ক্রাবার বন্ধ। কেবিনে {co2Kg} কেজি CO₂ জমা হয়েছে।","TRUE"
"logText","specialist","comms.blackoutEnd","Link to Earth restored ({oneWayLightSeconds} s each way).","পৃথিবীর সাথে সংযোগ পুনরুদ্ধার হয়েছে ({oneWayLightSeconds} সেকেন্ড একমুখী)।","TRUE"
"logText","specialist","comms.blackoutStart","Solar conjunction — no link to Earth for about {durationDays} days.","সৌর সংযোগ বিচ্ছিন্নতা — প্রায় {durationDays} দিন পৃথিবীর সাথে যোগাযোগ বন্ধ থাকবে।","TRUE"
"logText","specialist","crew.co2Idlh","{crew}: CO₂ at {co2MmHg} mmHg — immediately dangerous.","{crew}: CO₂ {co2MmHg} mmHg — তাৎক্ষণিকভাবে বিপজ্জনক।","TRUE"
"logText","specialist","crew.cold","{crew} is cold — cabin at {habitatTempC} °C.","{crew} ঠান্ডায় কাবু — কেবিনের তাপমাত্রা {habitatTempC} °সে।","TRUE"
"logText","specialist","crew.lost","{crew} has been lost.","{crew}-কে হারানো হয়েছে।","TRUE"
"logText","specialist","crew.lost.hypothermia","{crew} has been lost to cold.","{crew}-কে ঠান্ডায় হারানো হয়েছে।","TRUE"
"logText","specialist","crew.lost.hypoxia","{crew} has been lost to lack of oxygen.","{crew}-কে অক্সিজেনের অভাবে হারানো হয়েছে।","TRUE"
"logText","specialist","crew.lost.radiation","{crew} has been lost to acute radiation exposure.","{crew}-কে তীব্র বিকিরণের কারণে হারানো হয়েছে।","TRUE"
"logText","specialist","crew.lost.starvation","{crew} has been lost to starvation.","{crew}-কে অনাহারে হারানো হয়েছে।","TRUE"
"logText","specialist","crew.lost.thirst","{crew} has been lost to dehydration.","{crew}-কে পানিশূন্যতার কারণে হারানো হয়েছে।","TRUE"
"logText","specialist","crew.noWater","{crew} has no water.","{crew}-এর কাছে পানি নেই।","TRUE"
"logText","specialist","decision.commsPriority.set","Downlink priority set to {priority}.","ডাউনলিংক অগ্রাধিকার {priority}-এ সেট করা হয়েছে।","TRUE"
"logText","specialist","decision.crewLocation.set","{crew} moved to {location}.","{crew} {location}-এ স্থানান্তরিত হয়েছে।","TRUE"
"logText","specialist","decision.priority.changed","{system} moved {direction} the load-shed order.","{system} লোড-শেডিং তালিকায় {direction} সরানো হয়েছে।","TRUE"
"logText","specialist","decision.rations.set","Rationing set to {mode}.","রেশন {mode}-এ সেট করা হয়েছে।","TRUE"
"logText","specialist","decision.station.assigned","{crew} assigned to {station}.","{crew}-কে {station}-এ নিয়োগ দেওয়া হয়েছে।","TRUE"
"logText","specialist","end.abort","Mission aborted at hour {hour}.","{hour} ঘণ্টায় মিশন বাতিল করা হয়েছে।","TRUE"
"logText","specialist","end.crewLost","Mission lost at hour {hour}.","{hour} ঘণ্টায় মিশন ব্যর্থ হয়েছে।","TRUE"
"logText","specialist","end.doseLimitExceeded","{crew} exceeded the {limitMSv} mSv career radiation limit ({doseMSv} mSv). Mission ended.","{crew} ক্যারিয়ার বিকিরণ সীমা {limitMSv} mSv অতিক্রম করেছে ({doseMSv} mSv)। মিশন শেষ হয়েছে।","TRUE"
"logText","specialist","end.goalMissed","Mission ended at hour {hour}: primary goal not met, {crewSurviving} crew safe.","{hour} ঘণ্টায় মিশন শেষ হয়েছে: মূল লক্ষ্য পূরণ হয়নি, {crewSurviving} জন ক্রু নিরাপদ।","TRUE"
"logText","specialist","end.missionComplete","Mission complete: {crewSurviving} crew home safe.","মিশন সম্পন্ন: {crewSurviving} জন ক্রু নিরাপদে বাড়ি ফিরেছে।","TRUE"
"logText","specialist","food.exhausted","Food stores are empty.","খাবারের মজুত শেষ।","TRUE"
"logText","specialist","food.growLightsOff","Grow lights off — {trays} tray(s) not growing.","গ্রো লাইট বন্ধ — {trays}টি ট্রে বাড়ছে না।","TRUE"
"logText","specialist","food.harvest","Harvested {harvestKg} kg of {crop} from {tray}.","{tray} থেকে {harvestKg} কেজি {crop} সংগ্রহ করা হয়েছে।","TRUE"
"logText","specialist","food.lowReserve","Food down to {daysRemaining} days ({storedKg} kg).","খাবার {daysRemaining} দিনের মজুত বাকি আছে ({storedKg} কেজি)।","TRUE"
"logText","specialist","hazard.cropBlight","{tray} ({crop}) blighted — health {healthFraction}.","{tray} ({crop}) রোগাক্রান্ত — স্বাস্থ্য {healthFraction}।","TRUE"
"logText","specialist","hazard.cropBlight.start","Crop blight detected.","ফসলে রোগ ধরা পড়েছে।","TRUE"
"logText","specialist","hazard.dustStorm.obscuring","Dust covering {obscuration} of the arrays.","সোলার প্যানেলের {obscuration} অংশ ধুলায় ঢাকা।","TRUE"
"logText","specialist","hazard.dustStorm.start","Dust storm begins — expected to last {durationHours} hours.","ধুলিঝড় শুরু হয়েছে — প্রায় {durationHours} ঘণ্টা স্থায়ী হবে।","TRUE"
"logText","specialist","hazard.pumpFailure","{system} pump failed.","{system}-এর পাম্প বিকল হয়েছে।","TRUE"
"logText","specialist","hazard.pumpFailure.start","A pump has failed.","একটি পাম্প বিকল হয়েছে।","TRUE"
"logText","specialist","hazard.solarParticleEvent.start","Solar particle event — get the crew to the shelter.","সৌর কণা ঘটনা — ক্রুকে আশ্রয়কেন্দ্রে নিয়ে যান।","TRUE"
"logText","specialist","hazard.spe.crewExposed","{crew} is exposed in {location}.","{crew} {location}-এ অরক্ষিত অবস্থায় আছে।","TRUE"
"logText","specialist","incident.coolant-ms22.detected","The coolant leak was detected.","কুল্যান্ট ফুটো শনাক্ত হয়েছে।","TRUE"
"logText","specialist","incident.coolant-ms22.overheating","Cabin temperature dropping {riseC} °C from a coolant leak — thermal control can't hold it.","কুল্যান্ট ফুটোর কারণে কেবিনের তাপমাত্রা {riseC} °সে কমছে — তাপ নিয়ন্ত্রণ সামলাতে পারছে না।","TRUE"
"logText","specialist","incident.coolant-ms22.queued","Response to the coolant leak queued: {response} ({hoursRemaining} h of work left).","কুল্যান্ট ফুটোর সমাধান সারিতে আছে: {response} (আরও {hoursRemaining} ঘণ্টা কাজ বাকি)।","TRUE"
"logText","specialist","incident.coolant-ms22.resolved","Coolant leak incident resolved: {response}.","কুল্যান্ট ফুটোর দুর্ঘটনা সমাধান হয়েছে: {response}।","TRUE"
"logText","specialist","incident.coolant-ms22.responseFailed","Attempt to respond to the coolant leak failed: {response} did not work.","কুল্যান্ট ফুটোর সমাধানের চেষ্টা ব্যর্থ: {response} কাজ করেনি।","TRUE"
"logText","specialist","incident.coolant-ms22.responseImpossible","Cannot respond to the coolant leak right now: nobody available for {response}.","এখন কুল্যান্ট ফুটোর সমাধান করা যাচ্ছে না: {response}-এর জন্য কেউ নেই।","TRUE"
"logText","specialist","incident.coolant-ms22.start","Incident: coolant leak ({analogue}).","দুর্ঘটনা: কুল্যান্ট ফুটো ({analogue})।","TRUE"
"logText","specialist","incident.depress-mir97.detected","The leak was detected.","ফুটো শনাক্ত হয়েছে।","TRUE"
"logText","specialist","incident.depress-mir97.leaking","Cabin losing {lostKg} kg of oxygen to a leak.","ফুটো দিয়ে কেবিন {lostKg} কেজি অক্সিজেন হারাচ্ছে।","TRUE"
"logText","specialist","incident.depress-mir97.queued","Response to the leak queued: {response} ({hoursRemaining} h of work left).","ফুটোর সমাধান সারিতে আছে: {response} (আরও {hoursRemaining} ঘণ্টা কাজ বাকি)।","TRUE"
"logText","specialist","incident.depress-mir97.resolved","Depressurization incident resolved: {response}.","চাপ হ্রাসের দুর্ঘটনা সমাধান হয়েছে: {response}।","TRUE"
"logText","specialist","incident.depress-mir97.responseFailed","Attempt to respond to the leak failed: {response} did not work.","ফুটোর সমাধানের চেষ্টা ব্যর্থ: {response} কাজ করেনি।","TRUE"
"logText","specialist","incident.depress-mir97.responseImpossible","Cannot respond to the leak right now: nobody available for {response}.","এখন ফুটোর সমাধান করা যাচ্ছে না: {response}-এর জন্য কেউ নেই।","TRUE"
"logText","specialist","incident.depress-mir97.start","Incident: cabin depressurization ({analogue}).","দুর্ঘটনা: কেবিনের চাপ হ্রাস ({analogue})।","TRUE"
"logText","specialist","incident.duststorm-2018.batteryDegraded","Deep discharge during the storm permanently reduced battery capacity by {lostKwh} kWh.","ঝড়ের সময় গভীর ডিসচার্জের কারণে ব্যাটারির ক্ষমতা স্থায়ীভাবে {lostKwh} kWh কমে গেছে।","TRUE"
"logText","specialist","incident.duststorm-2018.detected","The dust storm was detected.","ধুলিঝড় শনাক্ত হয়েছে।","TRUE"
"logText","specialist","incident.duststorm-2018.queued","Response to the dust storm queued: {response} ({hoursRemaining} h of work left).","ধুলিঝড়ের সমাধান সারিতে আছে: {response} (আরও {hoursRemaining} ঘণ্টা কাজ বাকি)।","TRUE"
"logText","specialist","incident.duststorm-2018.resolved","Dust storm incident resolved: {response}.","ধুলিঝড়ের দুর্ঘটনা সমাধান হয়েছে: {response}।","TRUE"
"logText","specialist","incident.duststorm-2018.responseFailed","Attempt to respond to the dust storm failed: {response} did not work.","ধুলিঝড়ের সমাধানের চেষ্টা ব্যর্থ: {response} কাজ করেনি।","TRUE"
"logText","specialist","incident.duststorm-2018.responseImpossible","Cannot respond to the dust storm right now: nobody available for {response}.","এখন ধুলিঝড়ের সমাধান করা যাচ্ছে না: {response}-এর জন্য কেউ নেই।","TRUE"
"logText","specialist","incident.duststorm-2018.severe","Arrays obscured to {obscuration}.","সোলার অ্যারে {obscuration} পর্যন্ত ঢাকা পড়েছে।","TRUE"
"logText","specialist","incident.duststorm-2018.start","Incident: severe dust storm ({analogue}).","দুর্ঘটনা: তীব্র ধুলিঝড় ({analogue})।","TRUE"
"logText","specialist","incident.fire-mir97.crewInjured","{crew} injured in the fire ({durationMinutes} min burn).","আগুনে {crew} আহত হয়েছে ({durationMinutes} মিনিট পুড়েছে)।","TRUE"
"logText","specialist","incident.fire-mir97.detected","The fire was detected.","আগুন শনাক্ত হয়েছে।","TRUE"
"logText","specialist","incident.fire-mir97.extinguishersExhausted","Fire extinguisher stock ran out mid-fight — the crew took additional injury.","আগুন নেভানোর মাঝপথে অগ্নিনির্বাপক যন্ত্র শেষ হয়ে গেছে — ক্রু অতিরিক্ত আহত হয়েছে।","TRUE"
"logText","specialist","incident.fire-mir97.queued","Response to the fire queued: {response} ({hoursRemaining} h of work left).","আগুনের সমাধান সারিতে আছে: {response} (আরও {hoursRemaining} ঘণ্টা কাজ বাকি)।","TRUE"
"logText","specialist","incident.fire-mir97.resolved","Fire incident resolved: {response}.","আগুনের দুর্ঘটনা সমাধান হয়েছে: {response}।","TRUE"
"logText","specialist","incident.fire-mir97.respiratorsExhausted","Respirator cartridges are exhausted; the crew is on filter masks for the rest of the smoke recovery.","রেসপিরেটর কার্তুজ শেষ; ধোঁয়া থেকে সেরে ওঠার বাকি সময় ক্রু ফিল্টার মাস্ক ব্যবহার করছে।","TRUE"
"logText","specialist","incident.fire-mir97.responseFailed","Attempt to respond to the fire failed: {response} did not work.","আগুনের সমাধানের চেষ্টা ব্যর্থ: {response} কাজ করেনি।","TRUE"
"logText","specialist","incident.fire-mir97.responseImpossible","Cannot respond to the fire right now: nobody available for {response}.","এখন আগুনের সমাধান করা যাচ্ছে না: {response}-এর জন্য কেউ নেই।","TRUE"
"logText","specialist","incident.fire-mir97.start","Incident: fire ({analogue}).","দুর্ঘটনা: আগুন ({analogue})।","TRUE"
"logText","specialist","incident.o2tank-apollo13.detected","The oxygen tank problem was detected.","অক্সিজেন ট্যাংকের সমস্যা শনাক্ত হয়েছে।","TRUE"
"logText","specialist","incident.o2tank-apollo13.queued","Response to the oxygen tank problem queued: {response} ({hoursRemaining} h of work left).","অক্সিজেন সমস্যার সমাধান সারিতে আছে: {response} (আরও {hoursRemaining} ঘণ্টা কাজ বাকি)।","TRUE"
"logText","specialist","incident.o2tank-apollo13.resolved","Oxygen tank incident resolved: {response}.","অক্সিজেন ট্যাংকের দুর্ঘটনা সমাধান হয়েছে: {response}।","TRUE"
"logText","specialist","incident.o2tank-apollo13.responseFailed","Attempt to respond to the oxygen tank problem failed: {response} did not work.","অক্সিজেন সমস্যার সমাধানের চেষ্টা ব্যর্থ: {response} কাজ করেনি।","TRUE"
"logText","specialist","incident.o2tank-apollo13.responseImpossible","Cannot respond to the oxygen tank problem right now: nobody available for {response}.","এখন অক্সিজেন সমস্যার সমাধান করা যাচ্ছে না: {response}-এর জন্য কেউ নেই।","TRUE"
"logText","specialist","incident.o2tank-apollo13.rupture","Oxygen tank ruptured — {lostKg} kg lost.","অক্সিজেন ট্যাংক ফেটেছে — {lostKg} কেজি হারিয়েছে।","TRUE"
"logText","specialist","incident.o2tank-apollo13.start","Incident: oxygen tank failure ({analogue}).","দুর্ঘটনা: অক্সিজেন ট্যাংক বিকল ({analogue})।","TRUE"
"logText","specialist","incident.scrubber-iss.detected","The CO₂ scrubber failure was detected.","CO₂ স্ক্রাবারের বিকল হওয়া শনাক্ত হয়েছে।","TRUE"
"logText","specialist","incident.scrubber-iss.queued","Response to the CO₂ scrubber failure queued: {response} ({hoursRemaining} h of work left).","স্ক্রাবার সমস্যার সমাধান সারিতে আছে: {response} (আরও {hoursRemaining} ঘণ্টা কাজ বাকি)।","TRUE"
"logText","specialist","incident.scrubber-iss.recurring","CO₂ scrubber failing at {multiplier}x its normal rate.","CO₂ স্ক্রাবার স্বাভাবিকের {multiplier} গুণ হারে বিকল হচ্ছে।","TRUE"
"logText","specialist","incident.scrubber-iss.resolved","CO₂ scrubber incident resolved: {response}.","CO₂ স্ক্রাবারের দুর্ঘটনা সমাধান হয়েছে: {response}।","TRUE"
"logText","specialist","incident.scrubber-iss.responseFailed","Attempt to respond to the CO₂ scrubber failure failed: {response} did not work.","স্ক্রাবার সমস্যার সমাধানের চেষ্টা ব্যর্থ: {response} কাজ করেনি।","TRUE"
"logText","specialist","incident.scrubber-iss.responseImpossible","Cannot respond to the CO₂ scrubber failure right now: nobody available for {response}.","এখন স্ক্রাবার সমস্যার সমাধান করা যাচ্ছে না: {response}-এর জন্য কেউ নেই।","TRUE"
"logText","specialist","incident.scrubber-iss.start","Incident: recurring CO₂ scrubber failure ({analogue}).","দুর্ঘটনা: বারবার CO₂ স্ক্রাবার বিকল হচ্ছে ({analogue})।","TRUE"
"logText","specialist","incident.spe-1972.detected","The solar particle event was detected.","সৌর কণা ঘটনা শনাক্ত হয়েছে।","TRUE"
"logText","specialist","incident.spe-1972.electronicsDegraded","The particle event permanently degraded {system} — {fraction} loss in capacity.","সৌর কণা ঘটনা স্থায়ীভাবে {system}-এর ক্ষমতা {fraction} কমিয়ে দিয়েছে।","TRUE"
"logText","specialist","incident.spe-1972.queued","Response to the solar particle event queued: {response} ({hoursRemaining} h of work left).","সৌর কণা ঘটনার সমাধান সারিতে আছে: {response} (আরও {hoursRemaining} ঘণ্টা কাজ বাকি)।","TRUE"
"logText","specialist","incident.spe-1972.resolved","Solar particle event incident resolved: {response}.","সৌর কণা ঘটনার দুর্ঘটনা সমাধান হয়েছে: {response}।","TRUE"
"logText","specialist","incident.spe-1972.responseFailed","Attempt to respond to the solar particle event failed: {response} did not work.","সৌর কণা ঘটনার সমাধানের চেষ্টা ব্যর্থ: {response} কাজ করেনি।","TRUE"
"logText","specialist","incident.spe-1972.responseImpossible","Cannot respond to the solar particle event right now: nobody available for {response}.","এখন সৌর কণা ঘটনার সমাধান করা যাচ্ছে না: {response}-এর জন্য কেউ নেই।","TRUE"
"logText","specialist","incident.spe-1972.spike","Radiation dose spiking — {multiplier}x a design-reference storm.","বিকিরণের মাত্রা বেড়ে যাচ্ছে — নকশা-মানের ঝড়ের {multiplier} গুণ।","TRUE"
"logText","specialist","incident.spe-1972.start","Incident: extreme solar particle event ({analogue}).","দুর্ঘটনা: চরম সৌর কণা ঘটনা ({analogue})।","TRUE"
"logText","specialist","isru.passedMoxieMissionTotal","Your MOXIE has now made {producedG} g of oxygen — more than the real one made in its entire mission ({moxieMissionTotalG} g).","আপনার MOXIE এখন পর্যন্ত {producedG} গ্রাম অক্সিজেন তৈরি করেছে — যা আসল MOXIE-র সম্পূর্ণ মিশনের উৎপাদন ({moxieMissionTotalG} গ্রাম) ছাড়িয়ে গেছে।","TRUE"
"logText","specialist","power.batteryDepleted","Battery empty while generation ({generationKw} kW) is below demand.","উৎপাদন ({generationKw} কিলোওয়াট) চাহিদার চেয়ে কম থাকায় ব্যাটারি খালি হয়ে গেছে।","TRUE"
"logText","specialist","power.brownout","Brownout: demand {demandKw} kW, only {servedKw} kW available. {shedCount} system(s) shut down.","লোড শেডিং: চাহিদা {demandKw} কিলোওয়াট, মাত্র {servedKw} কিলোওয়াট সরবরাহ করা যাচ্ছে। {shedCount}টি সিস্টেম বন্ধ করা হয়েছে।","TRUE"
"logText","specialist","power.systemShed","{system} lost power ({powerKw} kW).","{system}-এর বিদ্যুৎ সংযোগ বিচ্ছিন্ন হয়েছে ({powerKw} কিলোওয়াট)।","TRUE"
"logText","specialist","radiation.aboveDesignTarget","Dose rate {rateMSvPerDay} mSv/day, above the {targetMSvPerDay} mSv/day target.","বিকিরণের হার {rateMSvPerDay} mSv/দিন, লক্ষ্যমাত্রা {targetMSvPerDay} mSv/দিনের বেশি।","TRUE"
"logText","specialist","radiation.careerLimitExceeded","{crew} has passed the {limitMSv} mSv career limit ({doseMSv} mSv).","{crew} ক্যারিয়ার সীমা {limitMSv} mSv অতিক্রম করেছে ({doseMSv} mSv)।","TRUE"
"logText","specialist","radiation.eventLimitExceeded","{crew} has passed the {limitMGyEq} mGy-Eq storm limit.","{crew} ঝড়ের সীমা {limitMGyEq} mGy-Eq অতিক্রম করেছে।","TRUE"
"logText","specialist","system.failure","{system} failed (TRL {trl}, {spares} spare(s) left).","{system} বিকল হয়েছে (TRL {trl}, {spares}টি স্পেয়ার বাকি)।","TRUE"
"logText","specialist","system.repairAttemptFailed","Repair attempt on {system} failed.","{system}-এর মেরামতের চেষ্টা ব্যর্থ হয়েছে।","TRUE"
"logText","specialist","system.repaired","{system} repaired. {sparesRemaining} spare(s) left.","{system} মেরামত করা হয়েছে। {sparesRemaining}টি স্পেয়ার বাকি।","TRUE"
"logText","specialist","thermal.freezeRisk","Cabin down to {habitatTempC} °C — water lines may freeze.","কেবিনের তাপমাত্রা {habitatTempC} °সে-তে নেমে গেছে — পানির পাইপ জমে যেতে পারে।","TRUE"
"logText","specialist","thermal.heaterUnpowered","Heater has no power. Cabin at {habitatTempC} °C.","হিটারে বিদ্যুৎ নেই। কেবিনের তাপমাত্রা {habitatTempC} °সে।","TRUE"
"logText","specialist","water.belowOneDayReserve","Under one day of water left ({potableKg} kg for {crew} crew).","একদিনেরও কম পানি অবশিষ্ট আছে ({crew} জন ক্রুর জন্য {potableKg} কেজি)।","TRUE"
"logText","specialist","water.insufficientForElectrolysis","Not enough water to make oxygen: needed {neededKg} kg, have {availableKg} kg.","অক্সিজেন তৈরির জন্য পর্যাপ্ত পানি নেই: প্রয়োজন {neededKg} কেজি, আছে {availableKg} কেজি।","TRUE"
"logText","specialist","water.recoveryOffline","Water recovery offline — losing {lostPerHourKg} kg an hour.","পানি পুনরুদ্ধার ব্যবস্থা বন্ধ — প্রতি ঘণ্টায় {lostPerHourKg} কেজি পানি নষ্ট হচ্ছে।","TRUE"
"logText","commander","abort.rejected.window","Abort rejected: outside the ~{conjunctionPeriodDays} d synodic departure window ({windowDays} d wide).","বাতিল প্রত্যাখ্যাত: ~{conjunctionPeriodDays} দিনের সিনোডিক প্রস্থান উইন্ডোর ({windowDays} দিন প্রশস্ত) বাইরে।","TRUE"
"logText","commander","atmosphere.chronicCo2Exposure","Cumulative sub-acute CO₂ exposure ({exposureMmHgHours} mmHg-h) has crossed the chronic-effect threshold; permanent crew fatigue increase applied.","সঞ্চিত সাব-অ্যাকিউট CO₂ সংস্পর্শ ({exposureMmHgHours} mmHg-h) দীর্ঘস্থায়ী-প্রভাবের সীমা অতিক্রম করেছে; স্থায়ী ক্রু ক্লান্তি বৃদ্ধি প্রয়োগ করা হয়েছে।","TRUE"
"logText","commander","atmosphere.co2AboveLimit","pCO₂ {co2MmHg} mmHg exceeds the {limitMmHg} mmHg {mode} threshold.","pCO₂ {co2MmHg} mmHg, {mode}-এর {limitMmHg} mmHg সীমা অতিক্রম করেছে।","TRUE"
"logText","commander","atmosphere.lowOxygen","pO₂ {o2MmHg} mmHg — approaching hypoxic range.","pO₂ {o2MmHg} mmHg — হাইপোক্সিক পরিসরের কাছাকাছি।","TRUE"
"logText","commander","atmosphere.scrubberOffline","CO₂ scrubber offline; {co2Kg} kg CO₂ accumulating unchecked.","CO₂ স্ক্রাবার অচল; {co2Kg} কেজি CO₂ অনিয়ন্ত্রিতভাবে জমছে।","TRUE"
"logText","commander","comms.blackoutEnd","Link restored, one-way light time {oneWayLightSeconds} s.","সংযোগ পুনরুদ্ধার, একমুখী আলোক-সময় {oneWayLightSeconds} সেকেন্ড।","TRUE"
"logText","commander","comms.blackoutStart","Solar conjunction blackout, ~{durationDays} d, per the ~780 d synodic cycle.","সৌর সংযোগ-বিচ্ছিন্নতা, ~{durationDays} দিন, ~৭৮০ দিনের সিনোডিক চক্র অনুযায়ী।","TRUE"
"logText","commander","crew.co2Idlh","{crew}: pCO₂ {co2MmHg} mmHg — immediately dangerous to life or health.","{crew}: pCO₂ {co2MmHg} mmHg — জীবন বা স্বাস্থ্যের জন্য তাৎক্ষণিক বিপজ্জনক।","TRUE"
"logText","commander","crew.cold","{crew}: cold stress, cabin {habitatTempC} °C.","{crew}: শীত-চাপ, কেবিন {habitatTempC} °সে।","TRUE"
"logText","commander","crew.lost","{crew}: health reached zero at hour {hour}.","{crew}: {hour} ঘণ্টায় স্বাস্থ্য শূন্যে পৌঁছেছে।","TRUE"
"logText","commander","crew.lost.hypothermia","{crew}: cause of loss — hypothermia.","{crew}: হারানোর কারণ — হাইপোথার্মিয়া।","TRUE"
"logText","commander","crew.lost.hypoxia","{crew}: cause of loss — hypoxia.","{crew}: হারানোর কারণ — হাইপোক্সিয়া।","TRUE"
"logText","commander","crew.lost.radiation","{crew}: cause of loss — acute radiation exposure.","{crew}: হারানোর কারণ — তীব্র বিকিরণের সংস্পর্শ।","TRUE"
"logText","commander","crew.lost.starvation","{crew}: cause of loss — starvation.","{crew}: হারানোর কারণ — অনাহার।","TRUE"
"logText","commander","crew.lost.thirst","{crew}: cause of loss — dehydration.","{crew}: হারানোর কারণ — পানিশূন্যতা।","TRUE"
"logText","commander","crew.noWater","{crew}: zero potable water available.","{crew}: কোনো ব্যবহারযোগ্য পানি নেই।","TRUE"
"logText","commander","decision.commsPriority.set","Downlink priority reassigned: {priority}.","ডাউনলিংক অগ্রাধিকার পুনর্নির্ধারিত: {priority}।","TRUE"
"logText","commander","decision.crewLocation.set","{crew} relocated to {location}.","{crew} {location}-এ স্থানান্তরিত।","TRUE"
"logText","commander","decision.priority.changed","Load-shed priority for {system} moved {direction}.","{system}-এর লোড-শেডিং অগ্রাধিকার {direction} সরানো হয়েছে।","TRUE"
"logText","commander","decision.rations.set","Survival mode set to {mode}.","সারভাইভাল মোড {mode}-এ সেট করা হয়েছে।","TRUE"
"logText","commander","decision.station.assigned","{crew} reassigned to primary station: {station}.","{crew}-কে প্রধান স্টেশনে পুনর্নিয়োগ: {station}।","TRUE"
"logText","commander","end.abort","Mission aborted at hour {hour}, by crew decision.","{hour} ঘণ্টায় ক্রুর সিদ্ধান্তে মিশন বাতিল করা হয়েছে।","TRUE"
"logText","commander","end.crewLost","Mission terminated: crew complement zero at hour {hour}.","মিশন সমাপ্ত: {hour} ঘণ্টায় ক্রু সংখ্যা শূন্য।","TRUE"
"logText","commander","end.doseLimitExceeded","{crew}: cumulative dose {doseMSv} mSv exceeds the {limitMSv} mSv career limit. Mission terminated.","{crew}: সঞ্চিত মাত্রা {doseMSv} mSv, {limitMSv} mSv ক্যারিয়ার সীমা অতিক্রম করেছে। মিশন সমাপ্ত।","TRUE"
"logText","commander","end.goalMissed","Mission ended at hour {hour}: primary goal not met, {crewSurviving} crew surviving.","{hour} ঘণ্টায় মিশন শেষ হয়েছে: মূল লক্ষ্য পূরণ হয়নি, {crewSurviving} জন ক্রু জীবিত।","TRUE"
"logText","commander","end.missionComplete","Mission complete at hour {hour}: {crewSurviving} crew surviving.","{hour} ঘণ্টায় মিশন সম্পন্ন: {crewSurviving} জন ক্রু জীবিত।","TRUE"
"logText","commander","food.exhausted","Dry mass reserve depleted.","শুষ্ক ভরের মজুত নিঃশেষ।","TRUE"
"logText","commander","food.growLightsOff","Photoperiod interrupted — {trays} tray(s) accruing no light-hours.","আলোক-পর্যায় ব্যাহত — {trays}টি ট্রে কোনো আলোক-ঘণ্টা পাচ্ছে না।","TRUE"
"logText","commander","food.harvest","Tray {tray} ({crop}) harvested: {harvestKg} kg dry mass.","ট্রে {tray} ({crop}) সংগ্রহ করা হয়েছে: {harvestKg} কেজি শুষ্ক ভর।","TRUE"
"logText","commander","food.lowReserve","Dry mass reserve {daysRemaining} d ({storedKg} kg) at the current ration.","শুষ্ক ভরের মজুত {daysRemaining} দিন ({storedKg} কেজি) বর্তমান রেশনে।","TRUE"
"logText","commander","hazard.cropBlight","{tray} ({crop}): health fraction reduced to {healthFraction}.","{tray} ({crop}): স্বাস্থ্য অনুপাত কমে {healthFraction}-এ।","TRUE"
"logText","commander","hazard.cropBlight.start","Crop blight event, magnitude {magnitude}.","ফসলের রোগ, মাত্রা {magnitude}।","TRUE"
"logText","commander","hazard.dustStorm.obscuring","Array obscuration at {obscuration}.","অ্যারে আচ্ছাদন {obscuration}-এ।","TRUE"
"logText","commander","hazard.dustStorm.start","Dust storm onset, ETA {durationHours} h duration, magnitude {magnitude}.","ধুলিঝড়ের সূচনা, আনুমানিক {durationHours} ঘণ্টা স্থায়িত্ব, মাত্রা {magnitude}।","TRUE"
"logText","commander","hazard.pumpFailure","{system}: pump failure, offline.","{system}: পাম্প ব্যর্থ, অচল।","TRUE"
"logText","commander","hazard.pumpFailure.start","Stochastic pump failure event triggered.","স্টোকাস্টিক পাম্প ব্যর্থতার ঘটনা ঘটেছে।","TRUE"
"logText","commander","hazard.solarParticleEvent.start","SPE onset — shelter crew behind maximum available shielding.","SPE সূচনা — সর্বোচ্চ উপলব্ধ আবরণের পেছনে ক্রুকে আশ্রয় দিন।","TRUE"
"logText","commander","hazard.spe.crewExposed","{crew} unshielded in {location} during SPE.","SPE চলাকালীন {crew} {location}-এ অরক্ষিত।","TRUE"
"logText","commander","incident.coolant-ms22.detected","The coolant leak was detected by crew or caution-and-warning.","ক্রু বা সতর্কীকরণ ব্যবস্থা দ্বারা কুল্যান্ট ফুটো শনাক্ত হয়েছে।","TRUE"
"logText","commander","incident.coolant-ms22.overheating","Cabin temperature -{riseC} °C from coolant loss, uncontrolled.","কুল্যান্ট ক্ষতির কারণে কেবিনের তাপমাত্রা -{riseC} °সে, অনিয়ন্ত্রিত।","TRUE"
"logText","commander","incident.coolant-ms22.queued","Response queued for the coolant leak: {response}, {hoursRemaining} h of crew-time remaining.","কুল্যান্ট ফুটোর জন্য প্রতিক্রিয়া সারিবদ্ধ: {response}, {hoursRemaining} ঘণ্টা ক্রু-সময় অবশিষ্ট।","TRUE"
"logText","commander","incident.coolant-ms22.resolved","Coolant leak incident resolved — response: {response}.","কুল্যান্ট ফুটোর দুর্ঘটনা সমাধান — প্রতিক্রিয়া: {response}।","TRUE"
"logText","commander","incident.coolant-ms22.responseFailed","Response attempt failed for the coolant leak: {response} unsuccessful.","কুল্যান্ট ফুটোর জন্য প্রতিক্রিয়ার চেষ্টা ব্যর্থ: {response} সফল হয়নি।","TRUE"
"logText","commander","incident.coolant-ms22.responseImpossible","Response infeasible for the coolant leak: no crew available for {response}.","কুল্যান্ট ফুটোর জন্য প্রতিক্রিয়া অসম্ভব: {response}-এর জন্য কোনো ক্রু নেই।","TRUE"
"logText","commander","incident.coolant-ms22.start","Incident onset: coolant leak ({analogue}).","দুর্ঘটনার সূচনা: কুল্যান্ট ফুটো ({analogue})।","TRUE"
"logText","commander","incident.depress-mir97.detected","The depressurization was detected by crew or caution-and-warning.","ক্রু বা সতর্কীকরণ ব্যবস্থা দ্বারা চাপ হ্রাস শনাক্ত হয়েছে।","TRUE"
"logText","commander","incident.depress-mir97.leaking","Cabin O₂ loss: {lostKg} kg to leak.","কেবিন O₂ ক্ষতি: ফুটোয় {lostKg} কেজি।","TRUE"
"logText","commander","incident.depress-mir97.queued","Response queued for the depressurization: {response}, {hoursRemaining} h of crew-time remaining.","চাপ হ্রাসের জন্য প্রতিক্রিয়া সারিবদ্ধ: {response}, {hoursRemaining} ঘণ্টা ক্রু-সময় অবশিষ্ট।","TRUE"
"logText","commander","incident.depress-mir97.resolved","Depressurization incident resolved — response: {response}.","চাপ হ্রাসের দুর্ঘটনা সমাধান — প্রতিক্রিয়া: {response}।","TRUE"
"logText","commander","incident.depress-mir97.responseFailed","Response attempt failed for the depressurization: {response} unsuccessful.","চাপ হ্রাসের জন্য প্রতিক্রিয়ার চেষ্টা ব্যর্থ: {response} সফল হয়নি।","TRUE"
"logText","commander","incident.depress-mir97.responseImpossible","Response infeasible for the depressurization: no crew available for {response}.","চাপ হ্রাসের জন্য প্রতিক্রিয়া অসম্ভব: {response}-এর জন্য কোনো ক্রু নেই।","TRUE"
"logText","commander","incident.depress-mir97.start","Incident onset: cabin depressurization ({analogue}).","দুর্ঘটনার সূচনা: কেবিন চাপ হ্রাস ({analogue})।","TRUE"
"logText","commander","incident.duststorm-2018.batteryDegraded","Deep-discharge cycling during the storm permanently reduced battery capacity by {lostKwh} kWh (now {newCapacityKwh} kWh rated).","ঝড়ের সময় গভীর-ডিসচার্জ চক্রের কারণে ব্যাটারির ক্ষমতা স্থায়ীভাবে {lostKwh} kWh কমেছে (এখন নির্ধারিত {newCapacityKwh} kWh)।","TRUE"
"logText","commander","incident.duststorm-2018.detected","The dust storm was detected by crew or caution-and-warning.","ক্রু বা সতর্কীকরণ ব্যবস্থা দ্বারা ধুলিঝড় শনাক্ত হয়েছে।","TRUE"
"logText","commander","incident.duststorm-2018.queued","Response queued for the dust storm: {response}, {hoursRemaining} h of crew-time remaining.","ধুলিঝড়ের জন্য প্রতিক্রিয়া সারিবদ্ধ: {response}, {hoursRemaining} ঘণ্টা ক্রু-সময় অবশিষ্ট।","TRUE"
"logText","commander","incident.duststorm-2018.resolved","Dust storm incident resolved — response: {response}.","ধুলিঝড়ের দুর্ঘটনা সমাধান — প্রতিক্রিয়া: {response}।","TRUE"
"logText","commander","incident.duststorm-2018.responseFailed","Response attempt failed for the dust storm: {response} unsuccessful.","ধুলিঝড়ের জন্য প্রতিক্রিয়ার চেষ্টা ব্যর্থ: {response} সফল হয়নি।","TRUE"
"logText","commander","incident.duststorm-2018.responseImpossible","Response infeasible for the dust storm: no crew available for {response}.","ধুলিঝড়ের জন্য প্রতিক্রিয়া অসম্ভব: {response}-এর জন্য কোনো ক্রু নেই।","TRUE"
"logText","commander","incident.duststorm-2018.severe","Array obscuration at {obscuration}.","অ্যারে আচ্ছাদন {obscuration}-এ।","TRUE"
"logText","commander","incident.duststorm-2018.start","Incident onset: severe dust storm ({analogue}).","দুর্ঘটনার সূচনা: তীব্র ধুলিঝড় ({analogue})।","TRUE"
"logText","commander","incident.fire-mir97.crewInjured","{crew} injured, {durationMinutes} min burn duration.","{crew} আহত, {durationMinutes} মিনিট পোড়ার স্থায়িত্ব।","TRUE"
"logText","commander","incident.fire-mir97.detected","The fire was detected by crew or caution-and-warning.","ক্রু বা সতর্কীকরণ ব্যবস্থা দ্বারা আগুন শনাক্ত হয়েছে।","TRUE"
"logText","commander","incident.fire-mir97.extinguishersExhausted","Fire-extinguisher stock depleted mid-response: additional crew injury applied.","প্রতিক্রিয়ার মাঝপথে অগ্নিনির্বাপক মজুত নিঃশেষ: অতিরিক্ত ক্রু আঘাত প্রয়োগ করা হয়েছে।","TRUE"
"logText","commander","incident.fire-mir97.queued","Response queued for the fire: {response}, {hoursRemaining} h of crew-time remaining.","আগুনের জন্য প্রতিক্রিয়া সারিবদ্ধ: {response}, {hoursRemaining} ঘণ্টা ক্রু-সময় অবশিষ্ট।","TRUE"
"logText","commander","incident.fire-mir97.resolved","Fire incident resolved — response: {response}.","আগুনের দুর্ঘটনা সমাধান — প্রতিক্রিয়া: {response}।","TRUE"
"logText","commander","incident.fire-mir97.respiratorsExhausted","Respirator-cartridge stock depleted: crew now on filter masks for the remainder of the smoke-recovery window, at a reduced protection factor.","রেসপিরেটর-কার্তুজ মজুত নিঃশেষ: ধোঁয়া-পুনরুদ্ধার উইন্ডোর অবশিষ্ট সময় ক্রু এখন ফিল্টার মাস্কে, হ্রাসকৃত সুরক্ষা ফ্যাক্টরে।","TRUE"
"logText","commander","incident.fire-mir97.responseFailed","Response attempt failed for the fire: {response} unsuccessful.","আগুনের জন্য প্রতিক্রিয়ার চেষ্টা ব্যর্থ: {response} সফল হয়নি।","TRUE"
"logText","commander","incident.fire-mir97.responseImpossible","Response infeasible for the fire: no crew available for {response}.","আগুনের জন্য প্রতিক্রিয়া অসম্ভব: {response}-এর জন্য কোনো ক্রু নেই।","TRUE"
"logText","commander","incident.fire-mir97.start","Incident onset: fire ({analogue}).","দুর্ঘটনার সূচনা: আগুন ({analogue})।","TRUE"
"logText","commander","incident.o2tank-apollo13.detected","The oxygen tank incident was detected by crew or caution-and-warning.","ক্রু বা সতর্কীকরণ ব্যবস্থা দ্বারা অক্সিজেন ট্যাংকের দুর্ঘটনা শনাক্ত হয়েছে।","TRUE"
"logText","commander","incident.o2tank-apollo13.queued","Response queued for the oxygen tank incident: {response}, {hoursRemaining} h of crew-time remaining.","অক্সিজেন ট্যাংকের দুর্ঘটনার জন্য প্রতিক্রিয়া সারিবদ্ধ: {response}, {hoursRemaining} ঘণ্টা ক্রু-সময় অবশিষ্ট।","TRUE"
"logText","commander","incident.o2tank-apollo13.resolved","Oxygen tank incident resolved — response: {response}.","অক্সিজেন ট্যাংকের দুর্ঘটনা সমাধান — প্রতিক্রিয়া: {response}।","TRUE"
"logText","commander","incident.o2tank-apollo13.responseFailed","Response attempt failed for the oxygen tank incident: {response} unsuccessful.","অক্সিজেন ট্যাংকের দুর্ঘটনার জন্য প্রতিক্রিয়ার চেষ্টা ব্যর্থ: {response} সফল হয়নি।","TRUE"
"logText","commander","incident.o2tank-apollo13.responseImpossible","Response infeasible for the oxygen tank incident: no crew available for {response}.","অক্সিজেন ট্যাংকের দুর্ঘটনার জন্য প্রতিক্রিয়া অসম্ভব: {response}-এর জন্য কোনো ক্রু নেই।","TRUE"
"logText","commander","incident.o2tank-apollo13.rupture","Tank rupture: {lostKg} kg O₂ lost.","ট্যাংক ফেটেছে: {lostKg} কেজি O₂ হারিয়েছে।","TRUE"
"logText","commander","incident.o2tank-apollo13.start","Incident onset: oxygen tank failure ({analogue}).","দুর্ঘটনার সূচনা: অক্সিজেন ট্যাংক ব্যর্থতা ({analogue})।","TRUE"
"logText","commander","incident.scrubber-iss.detected","The scrubber failure was detected by crew or caution-and-warning.","ক্রু বা সতর্কীকরণ ব্যবস্থা দ্বারা স্ক্রাবার ব্যর্থতা শনাক্ত হয়েছে।","TRUE"
"logText","commander","incident.scrubber-iss.queued","Response queued for the scrubber failure: {response}, {hoursRemaining} h of crew-time remaining.","স্ক্রাবার ব্যর্থতার জন্য প্রতিক্রিয়া সারিবদ্ধ: {response}, {hoursRemaining} ঘণ্টা ক্রু-সময় অবশিষ্ট।","TRUE"
"logText","commander","incident.scrubber-iss.recurring","Scrubber failure rate at {multiplier}x nominal.","স্ক্রাবার ব্যর্থতার হার স্বাভাবিকের {multiplier} গুণ।","TRUE"
"logText","commander","incident.scrubber-iss.resolved","Scrubber incident resolved — response: {response}.","স্ক্রাবার দুর্ঘটনা সমাধান — প্রতিক্রিয়া: {response}।","TRUE"
"logText","commander","incident.scrubber-iss.responseFailed","Response attempt failed for the scrubber failure: {response} unsuccessful.","স্ক্রাবার ব্যর্থতার জন্য প্রতিক্রিয়ার চেষ্টা ব্যর্থ: {response} সফল হয়নি।","TRUE"
"logText","commander","incident.scrubber-iss.responseImpossible","Response infeasible for the scrubber failure: no crew available for {response}.","স্ক্রাবার ব্যর্থতার জন্য প্রতিক্রিয়া অসম্ভব: {response}-এর জন্য কোনো ক্রু নেই।","TRUE"
"logText","commander","incident.scrubber-iss.start","Incident onset: recurring CO₂ scrubber failure ({analogue}).","দুর্ঘটনার সূচনা: বারবার CO₂ স্ক্রাবার ব্যর্থতা ({analogue})।","TRUE"
"logText","commander","incident.spe-1972.detected","The SPE was detected by crew or caution-and-warning.","ক্রু বা সতর্কীকরণ ব্যবস্থা দ্বারা SPE শনাক্ত হয়েছে।","TRUE"
"logText","commander","incident.spe-1972.electronicsDegraded","SEP-induced permanent degradation: {system}, {fraction} capacity loss.","SEP-জনিত স্থায়ী অবনতি: {system}, {fraction} ক্ষমতা হ্রাস।","TRUE"
"logText","commander","incident.spe-1972.queued","Response queued for the SPE: {response}, {hoursRemaining} h of crew-time remaining.","SPE-এর জন্য প্রতিক্রিয়া সারিবদ্ধ: {response}, {hoursRemaining} ঘণ্টা ক্রু-সময় অবশিষ্ট।","TRUE"
"logText","commander","incident.spe-1972.resolved","SPE incident resolved — response: {response}.","SPE দুর্ঘটনা সমাধান — প্রতিক্রিয়া: {response}।","TRUE"
"logText","commander","incident.spe-1972.responseFailed","Response attempt failed for the SPE: {response} unsuccessful.","SPE-এর জন্য প্রতিক্রিয়ার চেষ্টা ব্যর্থ: {response} সফল হয়নি।","TRUE"
"logText","commander","incident.spe-1972.responseImpossible","Response infeasible for the SPE: no crew available for {response}.","SPE-এর জন্য প্রতিক্রিয়া অসম্ভব: {response}-এর জন্য কোনো ক্রু নেই।","TRUE"
"logText","commander","incident.spe-1972.spike","Dose rate spike: {multiplier}x design-reference SPE.","মাত্রার তীব্র বৃদ্ধি: নকশা-মানের SPE-এর {multiplier} গুণ।","TRUE"
"logText","commander","incident.spe-1972.start","Incident onset: extreme solar particle event ({analogue}).","দুর্ঘটনার সূচনা: চরম সৌর কণা ঘটনা ({analogue})।","TRUE"
"logText","commander","isru.passedMoxieMissionTotal","Cumulative ISRU O₂ output {producedG} g exceeds MOXIE's flight total of {moxieMissionTotalG} g.","সঞ্চিত ISRU O₂ উৎপাদন {producedG} গ্রাম, MOXIE-র উড্ডয়ন-মোট {moxieMissionTotalG} গ্রাম অতিক্রম করেছে।","TRUE"
"logText","commander","power.batteryDepleted","State of charge at zero; generation {generationKw} kW below demand.","চার্জের অবস্থা শূন্য; উৎপাদন {generationKw} kW চাহিদার নিচে।","TRUE"
"logText","commander","power.brownout","Load shed: demand {demandKw} kW vs. {servedKw} kW served, battery at {batteryKwh} kWh. {shedCount} system(s) dropped.","লোড শেড: চাহিদা {demandKw} kW বনাম সরবরাহ {servedKw} kW, ব্যাটারি {batteryKwh} kWh। {shedCount}টি সিস্টেম বিচ্ছিন্ন।","TRUE"
"logText","commander","power.systemShed","{system} dropped from the bus ({powerKw} kW nominal).","{system} বাস থেকে বিচ্ছিন্ন করা হয়েছে (নির্ধারিত {powerKw} kW)।","TRUE"
"logText","commander","radiation.aboveDesignTarget","Dose rate {rateMSvPerDay} mSv/day exceeds the NASA-STD-3001 {targetMSvPerDay} mSv/day surface design target.","বিকিরণের হার {rateMSvPerDay} mSv/দিন, NASA-STD-3001-এর {targetMSvPerDay} mSv/দিন পৃষ্ঠ নকশা লক্ষ্যমাত্রা অতিক্রম করেছে।","TRUE"
"logText","commander","radiation.careerLimitExceeded","{crew}: cumulative dose {doseMSv} mSv exceeds the {limitMSv} mSv career limit (NASA-STD-3001).","{crew}: সঞ্চিত মাত্রা {doseMSv} mSv, {limitMSv} mSv ক্যারিয়ার সীমা (NASA-STD-3001) অতিক্রম করেছে।","TRUE"
"logText","commander","radiation.eventLimitExceeded","{crew}: event dose exceeds the {limitMGyEq} mGy-Eq 30-day SPE threshold.","{crew}: ঘটনার মাত্রা {limitMGyEq} mGy-Eq ৩০-দিনের SPE সীমা অতিক্রম করেছে।","TRUE"
"logText","commander","system.failure","{system} failure (TRL {trl}; {spares} spare(s) remaining).","{system} ব্যর্থতা (TRL {trl}; {spares}টি স্পেয়ার অবশিষ্ট)।","TRUE"
"logText","commander","system.repairAttemptFailed","Repair attempt on {system} unsuccessful.","{system}-এর মেরামতের চেষ্টা ব্যর্থ।","TRUE"
"logText","commander","system.repaired","{system} restored from spares; {sparesRemaining} remaining.","{system} স্পেয়ার দিয়ে পুনরুদ্ধার; {sparesRemaining}টি অবশিষ্ট।","TRUE"
"logText","commander","thermal.freezeRisk","Cabin at {habitatTempC} °C, below the {thresholdC} °C freeze-risk threshold.","কেবিন {habitatTempC} °সে, হিমাঙ্ক-ঝুঁকির সীমা {thresholdC} °সে-এর নিচে।","TRUE"
"logText","commander","thermal.heaterUnpowered","Thermal control unpowered. Cabin {habitatTempC} °C, drifting toward ambient.","তাপ নিয়ন্ত্রণ ব্যবস্থা অচল। কেবিন {habitatTempC} °সে, পরিবেশের তাপমাত্রার দিকে যাচ্ছে।","TRUE"
"logText","commander","water.belowOneDayReserve","Potable reserve {potableKg} kg — under 24 h at current draw for {crew} crew.","ব্যবহারযোগ্য পানির মজুত {potableKg} কেজি — {crew} জন ক্রুর জন্য বর্তমান ব্যবহারে ২৪ ঘণ্টারও কম।","TRUE"
"logText","commander","water.insufficientForElectrolysis","Electrolysis infeasible: {neededKg} kg required, {availableKg} kg on hand.","ইলেক্ট্রোলাইসিস অসম্ভব: {neededKg} কেজি প্রয়োজন, হাতে আছে {availableKg} কেজি।","TRUE"
"logText","commander","water.recoveryOffline","Water recovery offline; loop loss {lostPerHourKg} kg/h uncompensated.","পানি পুনরুদ্ধার ব্যবস্থা অচল; লুপ ক্ষতি {lostPerHourKg} kg/ঘণ্টা, অসামঞ্জস্যপূর্ণ।","TRUE"
"decisionText","cadet","incident.coolant-ms22.brief","Something's wrong with the cooling and it's getting hot in here.","কুলিং সিস্টেমে সমস্যা হয়েছে আর এখানে গরম হয়ে যাচ্ছে।","TRUE"
"decisionText","cadet","incident.coolant-ms22.response.rideItOut","Just put up with the heat.","শুধু গরম সহ্য করুন।","TRUE"
"decisionText","cadet","incident.coolant-ms22.response.shedLoad","Turn some things off to cool down. It costs some crew time and the plants don't like it.","ঠান্ডা করতে কিছু জিনিস বন্ধ করুন। কিছু ক্রু-সময় লাগে আর গাছপালা এটা পছন্দ করে না।","TRUE"
"decisionText","cadet","incident.depress-mir97.brief","Air is leaking out of the cabin! It'll keep leaking until you fix it.","কেবিন থেকে বাতাস বের হয়ে যাচ্ছে! ঠিক না করা পর্যন্ত এটি চলতেই থাকবে।","TRUE"
"decisionText","cadet","incident.depress-mir97.response.ignoreLeak","Don't fix the leak.","ফুটো ঠিক করবেন না।","TRUE"
"decisionText","cadet","incident.depress-mir97.response.patchHull","Patch the hole with spare parts. Costs some supplies and takes a while.","স্পেয়ার পার্টস দিয়ে ফুটো প্যাচ করুন। কিছু জিনিস খরচ হয় আর সময় লাগে।","TRUE"
"decisionText","cadet","incident.depress-mir97.response.sealModule","Shut the leaky room off completely. It stops the leak, but that room's power is gone for good.","ফুটো থাকা ঘরটি সম্পূর্ণ বন্ধ করে দিন। ফুটো থেমে যায়, কিন্তু সেই ঘরের বিদ্যুৎ চিরতরে চলে যায়।","TRUE"
"decisionText","cadet","incident.duststorm-2018.brief","A giant dust storm is covering the solar panels! Some of the dust will stay forever, no matter what you do.","একটা বিশাল ধুলিঝড় সোলার প্যানেল ঢেকে দিচ্ছে! আপনি যাই করুন, কিছু ধুলা চিরকাল থেকে যাবে।","TRUE"
"decisionText","cadet","incident.duststorm-2018.response.cleanArrays","Send someone outside to wipe the dust off. It works best, but costs time and a little radiation.","ধুলা মুছতে কাউকে বাইরে পাঠান। এটা সবচেয়ে ভালো কাজ করে, কিন্তু সময় আর একটু বিকিরণ লাগে।","TRUE"
"decisionText","cadet","incident.duststorm-2018.response.noResponse","Don't do anything about the dust.","ধুলা নিয়ে কিছু করবেন না।","TRUE"
"decisionText","cadet","incident.duststorm-2018.response.shedNonEssential","Turn off things you don't need instead of going outside. Helps a little, and it's safer.","বাইরে না গিয়ে দরকার নেই এমন জিনিস বন্ধ করুন। একটু সাহায্য করে, আর এটা নিরাপদ।","TRUE"
"decisionText","cadet","incident.fire-mir97.brief","There's a fire! Someone might already be hurt, and the smoke will bother everyone for a while, whatever you pick.","আগুন লেগেছে! কেউ হয়তো ইতিমধ্যে আহত হয়েছে, আর আপনি যাই বেছে নিন, ধোঁয়া সবাইকে কিছুক্ষণ বিরক্ত করবে।","TRUE"
"decisionText","cadet","incident.fire-mir97.response.evacuate","Get everyone out and shut the door.","সবাইকে বের করে দরজা বন্ধ করে দিন।","TRUE"
"decisionText","cadet","incident.fire-mir97.response.fight","Try to put the fire out yourself.","নিজেই আগুন নেভানোর চেষ্টা করুন।","TRUE"
"decisionText","cadet","incident.fire-mir97.response.ignore","Don't do anything about it.","কিছুই করবেন না।","TRUE"
"decisionText","cadet","incident.o2tank-apollo13.brief","The air is getting bad and it'll keep getting worse until you do something.","বাতাস খারাপ হয়ে যাচ্ছে, আর কিছু না করলে এটি আরও খারাপ হতে থাকবে।","TRUE"
"decisionText","cadet","incident.o2tank-apollo13.response.improviseAdapter","Build a fix out of spare parts. It works, but the fix isn't as good as the real thing, forever.","স্পেয়ার পার্টস দিয়ে একটা সমাধান তৈরি করুন। এটা কাজ করে, কিন্তু আসল জিনিসের মতো ভালো না, চিরকালের জন্য।","TRUE"
"decisionText","cadet","incident.o2tank-apollo13.response.noResponse","Don't do anything about the bad air.","খারাপ বাতাস নিয়ে কিছু করবেন না।","TRUE"
"decisionText","cadet","incident.o2tank-apollo13.response.rationActivity","Have everyone slow down and rest more, so they make less bad air. But less gets done.","সবাইকে ধীরে চলতে আর বেশি বিশ্রাম নিতে বলুন, যাতে কম খারাপ বাতাস তৈরি হয়। কিন্তু কম কাজ হবে।","TRUE"
"decisionText","cadet","incident.scrubber-iss.brief","The air cleaner just broke and won't fix itself.","বাতাস পরিষ্কারক এইমাত্র ভেঙে গেছে আর নিজে ঠিক হবে না।","TRUE"
"decisionText","cadet","incident.scrubber-iss.response.manualVenting","Let some of the bad air out by hand, without fixing the machine.","যন্ত্র না ঠিক করে হাতে করে কিছু খারাপ বাতাস বের করে দিন।","TRUE"
"decisionText","cadet","incident.scrubber-iss.response.noResponse","Don't fix the air cleaner.","বাতাস পরিষ্কারক ঠিক করবেন না।","TRUE"
"decisionText","cadet","incident.scrubber-iss.response.swapCartridge","Put in a spare part to fix the air cleaner. It works, but it gets a little weaker every time you do this.","বাতাস পরিষ্কারক ঠিক করতে একটা স্পেয়ার পার্ট লাগান। এটা কাজ করে, কিন্তু প্রতিবার একটু দুর্বল হয়ে যায়।","TRUE"
"decisionText","cadet","incident.spe-1972.brief","A big solar storm is happening right now! Everyone gets some radiation no matter what, but getting to the safe room stops it from getting worse.","একটা বড় সৌর ঝড় এখনই হচ্ছে! আপনি যাই করুন না কেন সবাই কিছুটা বিকিরণ পাবে, কিন্তু নিরাপদ ঘরে যাওয়া এটাকে আরও খারাপ হওয়া থেকে আটকায়।","TRUE"
"decisionText","cadet","incident.spe-1972.response.continueOperations","Keep working like normal.","স্বাভাবিকভাবে কাজ চালিয়ে যান।","TRUE"
"decisionText","cadet","incident.spe-1972.response.shelterNow","Get everyone to the safe room right now!","এখনই সবাইকে নিরাপদ ঘরে নিয়ে যান!","TRUE"
"decisionText","specialist","incident.coolant-ms22.brief","A coolant leak is letting the cabin overheat, as happened aboard Soyuz MS-22. It keeps climbing toward its peak temperature until load is shed.","একটি কুল্যান্ট ফুটোর কারণে কেবিন অতিরিক্ত গরম হচ্ছে, যেমনটা সয়ুজ MS-22-এ হয়েছিল। লোড না কমানো পর্যন্ত এটি তার সর্বোচ্চ তাপমাত্রার দিকে বাড়তে থাকবে।","TRUE"
"decisionText","specialist","incident.coolant-ms22.response.rideItOut","Ride out the heat without shedding any load.","লোড না কমিয়ে তাপ সহ্য করুন।","TRUE"
"decisionText","specialist","incident.coolant-ms22.response.shedLoad","Shed non-critical loads to cool the cabin back down — costs crew-hours and some crop health.","কেবিন ঠান্ডা করতে অ-জরুরি লোড কমান — ক্রু-সময় এবং কিছু ফসলের স্বাস্থ্য খরচ হয়।","TRUE"
"decisionText","specialist","incident.depress-mir97.brief","The cabin is losing pressure through a leak, similar to the 1997 Progress collision with Mir's Spektr module. It keeps leaking until it's sealed or patched.","কেবিন একটি ফুটো দিয়ে চাপ হারাচ্ছে, ১৯৯৭ সালে প্রগ্রেসের সাথে মিরের স্পেকট্র মডিউলের সংঘর্ষের মতো। সিল বা মেরামত না করা পর্যন্ত এটি ফুটতে থাকবে।","TRUE"
"decisionText","specialist","incident.depress-mir97.response.ignoreLeak","Leave the leak unaddressed.","ফুটো উপেক্ষা করুন।","TRUE"
"decisionText","specialist","incident.depress-mir97.response.patchHull","Patch the hull using spare parts — stops the leak without losing the module, but costs spares and crew time.","স্পেয়ার পার্টস দিয়ে হাল প্যাচ করুন — মডিউল না হারিয়ে ফুটো বন্ধ হয়, কিন্তু স্পেয়ার এবং ক্রু-সময় খরচ হয়।","TRUE"
"decisionText","specialist","incident.depress-mir97.response.sealModule","Seal off the leaking module completely — stops the leak for good, but permanently cuts that module's power.","ফুটো থাকা মডিউলটি সম্পূর্ণভাবে সিল করে দিন — ফুটো চিরতরে বন্ধ হবে, কিন্তু সেই মডিউলের বিদ্যুৎ স্থায়ীভাবে বন্ধ হয়ে যাবে।","TRUE"
"decisionText","specialist","incident.duststorm-2018.brief","A major dust storm is obscuring the solar arrays, echoing the 2018 global storm that ended Opportunity's mission. Some of this dust will never come off, however you respond.","একটি বড় ধুলিঝড় সোলার অ্যারে ঢেকে দিচ্ছে, ২০১৮ সালের বৈশ্বিক ঝড়ের প্রতিধ্বনি যা অপরচুনিটির মিশন শেষ করেছিল। আপনি যেভাবেই সাড়া দিন না কেন, এই ধুলার কিছু অংশ কখনোই সরবে না।","TRUE"
"decisionText","specialist","incident.duststorm-2018.response.cleanArrays","Send a crew member out to clean the arrays — clears the most dust, but costs crew-hours and radiation dose from the EVA.","অ্যারে পরিষ্কার করতে একজন ক্রুকে বাইরে পাঠান — সবচেয়ে বেশি ধুলা সরায়, কিন্তু ক্রু-সময় এবং ইভিএ থেকে বিকিরণের মাত্রা খরচ হয়।","TRUE"
"decisionText","specialist","incident.duststorm-2018.response.noResponse","Leave the dust where it is.","ধুলা যেমন আছে তেমনই রেখে দিন।","TRUE"
"decisionText","specialist","incident.duststorm-2018.response.shedNonEssential","Shed non-essential loads instead of cleaning — a smaller improvement, but no EVA needed.","পরিষ্কার না করে অ-জরুরি লোড কমান — ছোট উন্নতি, কিন্তু ইভিএর দরকার নেই।","TRUE"
"decisionText","specialist","incident.fire-mir97.brief","A fire has broken out, echoing the 1997 Mir fire. Someone may already be hurt, and the smoke will affect the crew for a while no matter which response you choose.","আগুন লেগেছে, ১৯৯৭ সালের মির আগুনের প্রতিধ্বনি। কেউ হয়তো ইতিমধ্যে আহত হয়েছে, এবং আপনি যে সমাধানই বেছে নিন না কেন ধোঁয়া কিছুক্ষণ ক্রুকে প্রভাবিত করবে।","TRUE"
"decisionText","specialist","incident.fire-mir97.response.evacuate","Evacuate the area and seal it off without fighting the fire further.","এলাকা খালি করে সিল করে দিন, আগুনের সাথে আর লড়াই না করে।","TRUE"
"decisionText","specialist","incident.fire-mir97.response.fight","Fight the fire directly using the outpost's fire extinguishers.","আউটপোস্টের অগ্নিনির্বাপক যন্ত্র দিয়ে সরাসরি আগুনের বিরুদ্ধে লড়ুন।","TRUE"
"decisionText","specialist","incident.fire-mir97.response.ignore","Leave the fire unattended.","আগুন উপেক্ষা করুন।","TRUE"
"decisionText","specialist","incident.o2tank-apollo13.brief","CO₂ is building up faster than the scrubber can handle, as it did aboard Apollo 13's lifeboat. It keeps climbing until addressed.","স্ক্রাবার সামলাতে পারার চেয়ে দ্রুত CO₂ জমছে, যেমনটা অ্যাপোলো ১৩-এর লাইফবোটে হয়েছিল। সমাধান না হওয়া পর্যন্ত এটি বাড়তেই থাকবে।","TRUE"
"decisionText","specialist","incident.o2tank-apollo13.response.improviseAdapter","Improvise a fix for the scrubber — brings CO₂ back down, but the improvised adapter is never as good as the original hardware.","স্ক্রাবারের জন্য একটি অস্থায়ী সমাধান তৈরি করুন — CO₂ কমে আসে, কিন্তু এই অস্থায়ী অ্যাডাপ্টার কখনোই আসল যন্ত্রাংশের মতো ভালো নয়।","TRUE"
"decisionText","specialist","incident.o2tank-apollo13.response.noResponse","Leave the CO₂ buildup unaddressed.","CO₂ জমা হওয়া উপেক্ষা করুন।","TRUE"
"decisionText","specialist","incident.o2tank-apollo13.response.rationActivity","Cut crew activity to reduce how much CO₂ and heat they produce, at the cost of crew-hours available for other work.","ক্রুর কার্যকলাপ কমান যাতে তারা কম CO₂ এবং তাপ উৎপন্ন করে, অন্য কাজের জন্য ক্রু-সময়ের বিনিময়ে।","TRUE"
"decisionText","specialist","incident.scrubber-iss.brief","The CO₂ scrubber has failed outright, a recurring problem on the real ISS's CDRA system. It will not come back on its own.","CO₂ স্ক্রাবার সম্পূর্ণভাবে বিকল হয়ে গেছে, আসল ISS-এর CDRA সিস্টেমে একটি পুনরাবৃত্ত সমস্যা। এটি নিজে থেকে আর চালু হবে না।","TRUE"
"decisionText","specialist","incident.scrubber-iss.response.manualVenting","Manually vent some of the excess CO₂ without fixing the scrubber itself.","স্ক্রাবার নিজে ঠিক না করে হাতে করে অতিরিক্ত CO₂ বের করে দিন।","TRUE"
"decisionText","specialist","incident.scrubber-iss.response.noResponse","Leave the scrubber offline.","স্ক্রাবার বন্ধ রাখুন।","TRUE"
"decisionText","specialist","incident.scrubber-iss.response.swapCartridge","Swap in a spare cartridge to bring the scrubber back online — real hardware degrades a little more each time this is done, and this is no exception.","স্ক্রাবার আবার চালু করতে একটি স্পেয়ার কার্তুজ লাগান — আসল হার্ডওয়্যার প্রতিবার একটু একটু করে ক্ষয় হয়, এবং এটি ব্যতিক্রম নয়।","TRUE"
"decisionText","specialist","incident.spe-1972.brief","A major solar particle event is hitting, similar to the August 1972 storm. Every crew member takes a radiation dose this hour regardless of what you choose — sheltering only protects against further exposure.","একটি বড় সৌর কণা ঘটনা আঘাত হানছে, ১৯৭২ সালের আগস্টের ঝড়ের মতো। আপনি যাই বেছে নিন, প্রতিটি ক্রু এই ঘণ্টায় বিকিরণের মাত্রা পাবে — আশ্রয় নেওয়া শুধু আরও এক্সপোজার থেকে রক্ষা করে।","TRUE"
"decisionText","specialist","incident.spe-1972.response.continueOperations","Continue normal operations without sheltering.","আশ্রয় না নিয়ে স্বাভাবিক কার্যক্রম চালিয়ে যান।","TRUE"
"decisionText","specialist","incident.spe-1972.response.shelterNow","Move all crew to the storm shelter immediately.","সব ক্রুকে অবিলম্বে ঝড় আশ্রয়কেন্দ্রে নিয়ে যান।","TRUE"
"decisionText","commander","incident.coolant-ms22.brief","Coolant-loop failure ({analogue}); cabin temperature approaches its documented peak on a first-order lag until load is shed.","কুল্যান্ট-লুপ ব্যর্থতা ({analogue}); লোড না কমানো পর্যন্ত কেবিনের তাপমাত্রা প্রথম-ক্রমের ল্যাগে তার নথিভুক্ত শীর্ষের কাছে পৌঁছায়।","TRUE"
"decisionText","commander","incident.coolant-ms22.response.rideItOut","No action — cabin temperature continues tracking toward its peak.","কোনো পদক্ষেপ নেই — কেবিনের তাপমাত্রা তার শীর্ষের দিকে চলতে থাকে।","TRUE"
"decisionText","commander","incident.coolant-ms22.response.shedLoad","Shed load: immediate, bounded cabin-temperature correction; crop-health penalty; real crew-hours cost.","লোড কমান: তাৎক্ষণিক, সীমাবদ্ধ কেবিন-তাপমাত্রা সংশোধন; ফসল-স্বাস্থ্য জরিমানা; প্রকৃত ক্রু-সময় খরচ।","TRUE"
"decisionText","commander","incident.depress-mir97.brief","Cabin depressurization ({analogue}) — modeled as choked-orifice flow; O₂ decays exponentially until addressed.","কেবিন চাপ হ্রাস ({analogue}) — চোকড-অরিফিস প্রবাহ হিসেবে মডেল করা হয়েছে; সমাধান না হওয়া পর্যন্ত O₂ সূচকীয়ভাবে হ্রাস পায়।","TRUE"
"decisionText","commander","incident.depress-mir97.response.ignoreLeak","No action — leak continues indefinitely.","কোনো পদক্ষেপ নেই — ফুটো অনির্দিষ্টকাল চলতে থাকে।","TRUE"
"decisionText","commander","incident.depress-mir97.response.patchHull","Hull patch: leak eliminated, no capacity loss; costs thermalControl spares and crew-hours.","হাল প্যাচ: ফুটো নির্মূল, কোনো ক্ষমতা ক্ষতি নেই; thermalControl স্পেয়ার এবং ক্রু-সময় খরচ হয়।","TRUE"
"decisionText","commander","incident.depress-mir97.response.sealModule","Seal the module: leak eliminated; permanent solar-array-area loss (the sealed module's own arrays).","মডিউল সিল করুন: ফুটো নির্মূল হয়; স্থায়ী সোলার-অ্যারে-এলাকা ক্ষতি (সিল করা মডিউলের নিজস্ব অ্যারে)।","TRUE"
"decisionText","commander","incident.duststorm-2018.brief","Dust storm onset ({analogue}). A permanent obscuration floor is applied regardless of response; only the storm-driven spike above that floor is addressable.","ধুলিঝড়ের সূচনা ({analogue})। প্রতিক্রিয়া নির্বিশেষে একটি স্থায়ী আচ্ছাদন মেঝে প্রয়োগ করা হয়; শুধুমাত্র সেই মেঝের উপরে ঝড়-চালিত স্পাইক সমাধানযোগ্য।","TRUE"
"decisionText","commander","incident.duststorm-2018.response.cleanArrays","EVA array cleaning: largest obscuration reduction; crew-hours cost plus GCR/SPE dose for the EVA duration.","ইভিএ অ্যারে পরিষ্কার: সবচেয়ে বড় আচ্ছাদন হ্রাস; ক্রু-সময় খরচ এবং ইভিএর সময়কালের জন্য GCR/SPE মাত্রা।","TRUE"
"decisionText","commander","incident.duststorm-2018.response.noResponse","No action — obscuration remains at its post-spike level.","কোনো পদক্ষেপ নেই — আচ্ছাদন তার পোস্ট-স্পাইক স্তরে থেকে যায়।","TRUE"
"decisionText","commander","incident.duststorm-2018.response.shedNonEssential","Load shedding: smaller obscuration reduction; no EVA dose; lower crew-hours cost.","লোড শেডিং: ছোট আচ্ছাদন হ্রাস; কোনো ইভিএ মাত্রা নেই; কম ক্রু-সময় খরচ।","TRUE"
"decisionText","commander","incident.fire-mir97.brief","Onboard fire ({analogue}). One crew injury already logged; a fixed-duration smoke-recovery fatigue tail runs regardless of response.","অনবোর্ড আগুন ({analogue})। একটি ক্রু আঘাত ইতিমধ্যে লগ করা হয়েছে; প্রতিক্রিয়া নির্বিশেষে একটি নির্দিষ্ট-সময়কালের ধোঁয়া-পুনরুদ্ধার ক্লান্তি প্রভাব চলবে।","TRUE"
"decisionText","commander","incident.fire-mir97.response.evacuate","Evacuate and isolate; injury stands, fire contained by isolation rather than suppression.","সরিয়ে নিয়ে বিচ্ছিন্ন করুন; আঘাত অপরিবর্তিত থাকে, আগুন দমনের বদলে বিচ্ছিন্নতার মাধ্যমে নিয়ন্ত্রিত হয়।","TRUE"
"decisionText","commander","incident.fire-mir97.response.fight","Direct suppression, drawing on the tracked extinguisher stock; reduces the injury already sustained.","সরাসরি দমন, ট্র্যাক করা অগ্নিনির্বাপক মজুত ব্যবহার করে; ইতিমধ্যে হওয়া আঘাত কমায়।","TRUE"
"decisionText","commander","incident.fire-mir97.response.ignore","No action — fire and injury both worsen.","কোনো পদক্ষেপ নেই — আগুন এবং আঘাত উভয়ই বাড়বে।","TRUE"
"decisionText","commander","incident.o2tank-apollo13.brief","CO₂ accumulation exceeding scrubber capacity ({analogue}); rises linearly until addressed.","স্ক্রাবারের ক্ষমতা অতিক্রমকারী CO₂ সঞ্চয়ন ({analogue}); সমাধান না হওয়া পর্যন্ত রৈখিকভাবে বাড়ে।","TRUE"
"decisionText","commander","incident.o2tank-apollo13.response.improviseAdapter","Improvised adapter: reduces CO₂ toward the documented post-fix level; permanent scrubber-efficiency penalty, declared and unrecoverable.","অস্থায়ী অ্যাডাপ্টার: CO₂ নথিভুক্ত পোস্ট-ফিক্স স্তরের দিকে কমায়; স্থায়ী স্ক্রাবার-দক্ষতা জরিমানা, ঘোষিত এবং অপরিবর্তনীয়।","TRUE"
"decisionText","commander","incident.o2tank-apollo13.response.noResponse","No action — CO₂ accumulation continues unchecked.","কোনো পদক্ষেপ নেই — CO₂ সঞ্চয়ন অনিয়ন্ত্রিতভাবে চলতে থাকে।","TRUE"
"decisionText","commander","incident.o2tank-apollo13.response.rationActivity","Ration activity: reduces crew metabolic output (CO₂, heat) while active; reduces today's crew-hours budget.","কার্যকলাপ রেশন: সক্রিয় থাকাকালীন ক্রুর বিপাকীয় আউটপুট (CO₂, তাপ) কমায়; আজকের ক্রু-সময়ের বাজেট কমায়।","TRUE"
"decisionText","commander","incident.scrubber-iss.brief","CO₂ scrubber failure ({analogue}); non-self-recovering, unlike an ordinary system fault.","CO₂ স্ক্রাবার ব্যর্থতা ({analogue}); একটি সাধারণ সিস্টেম ত্রুটির বিপরীতে, স্ব-পুনরুদ্ধারকারী নয়।","TRUE"
"decisionText","commander","incident.scrubber-iss.response.manualVenting","Manual venting: one-time CO₂ reduction; scrubber remains offline.","ম্যানুয়াল ভেন্টিং: এককালীন CO₂ হ্রাস; স্ক্রাবার অফলাইন থাকে।","TRUE"
"decisionText","commander","incident.scrubber-iss.response.noResponse","No action — scrubber remains offline, CO₂ continues accumulating.","কোনো পদক্ষেপ নেই — স্ক্রাবার অফলাইন থাকে, CO₂ ক্রমাগত জমা হতে থাকে।","TRUE"
"decisionText","commander","incident.scrubber-iss.response.swapCartridge","Cartridge swap: restores operational status; spares cost; permanent, stacking efficiency penalty (repeat sorbent-bed degradation).","কার্তুজ প্রতিস্থাপন: কার্যক্ষম অবস্থা পুনরুদ্ধার করে; স্পেয়ার খরচ; স্থায়ী, স্তূপীকৃত দক্ষতা জরিমানা (পুনরাবৃত্ত সরবেন্ট-বেড অবনতি)।","TRUE"
"decisionText","commander","incident.spe-1972.brief","SPE onset ({analogue}). The initial spike dose is already applied to every crew member regardless of response; only ongoing exposure is affected by location.","SPE সূচনা ({analogue})। প্রাথমিক স্পাইক মাত্রা প্রতিক্রিয়া নির্বিশেষে প্রতিটি ক্রুর উপর ইতিমধ্যে প্রয়োগ করা হয়েছে; শুধুমাত্র চলমান এক্সপোজার অবস্থান দ্বারা প্রভাবিত হয়।","TRUE"
"decisionText","commander","incident.spe-1972.response.continueOperations","No relocation — crew remain at their current shielding factor for ongoing exposure.","কোনো স্থানান্তর নেই — চলমান এক্সপোজারের জন্য ক্রু তাদের বর্তমান শিল্ডিং ফ্যাক্টরে থাকে।","TRUE"
"decisionText","commander","incident.spe-1972.response.shelterNow","Relocate all living crew to the storm shelter; reduces further transmitted dose via shielding.","সব জীবিত ক্রুকে ঝড় আশ্রয়কেন্দ্রে স্থানান্তর করুন; শিল্ডিং এর মাধ্যমে আরও প্রেরিত মাত্রা কমায়।","TRUE"
"onboardingText","cadet","comms","Comms: talking to Earth, even with a delay.","কমস: পৃথিবীর সাথে কথা বলা, দেরি হলেও।","TRUE"
"onboardingText","cadet","incidentCommand","Incident Command: this is where you fix problems when they happen.","ইনসিডেন্ট কমান্ড: সমস্যা হলে এখানেই আপনি সেটা ঠিক করেন।","TRUE"
"onboardingText","cadet","lifeSupport","Life Support: keeps the crew breathing, fed, and warm.","লাইফ সাপোর্ট: ক্রুকে শ্বাস নিতে, খেতে এবং গরম থাকতে সাহায্য করে।","TRUE"
"onboardingText","cadet","missionCommand","Mission Command: who's doing what, and how the mission is going.","মিশন কমান্ড: কে কী করছে, আর মিশন কেমন চলছে।","TRUE"
"onboardingText","cadet","power","Power: keeps the lights and the base running.","পাওয়ার: বাতি জ্বালিয়ে রাখে আর ঘাঁটি চালু রাখে।","TRUE"
"onboardingText","specialist","comms","Comms: the Earth link, light-time delay, and what gets downlink priority during a blackout.","কমস: পৃথিবীর সাথে সংযোগ, আলোক-সময় বিলম্ব, এবং ব্ল্যাকআউটের সময় কোনটি ডাউনলিংক অগ্রাধিকার পাবে।","TRUE"
"onboardingText","specialist","incidentCommand","Incident Command: where you resolve incidents as they're detected, and set crew shelter/EVA status.","ইনসিডেন্ট কমান্ড: দুর্ঘটনা শনাক্ত হওয়ার সাথে সাথে যেখানে আপনি সমাধান করেন, এবং ক্রুর আশ্রয়/ইভিএ অবস্থা ঠিক করেন।","TRUE"
"onboardingText","specialist","lifeSupport","Life Support: oxygen, CO₂, water, food, and cabin temperature — the crew's survival margins.","লাইফ সাপোর্ট: অক্সিজেন, CO₂, পানি, খাবার, এবং কেবিনের তাপমাত্রা — ক্রুর টিকে থাকার সীমা।","TRUE"
"onboardingText","specialist","missionCommand","Mission Command: crew station assignments, the daily plan, and progress toward mission goals.","মিশন কমান্ড: ক্রুর স্টেশন নিয়োগ, দৈনিক পরিকল্পনা, এবং মিশনের লক্ষ্যের দিকে অগ্রগতি।","TRUE"
"onboardingText","specialist","power","Power: generation, battery, and which systems shed load first if demand outruns supply.","পাওয়ার: উৎপাদন, ব্যাটারি, এবং চাহিদা সরবরাহের চেয়ে বেশি হলে কোন সিস্টেম আগে বন্ধ হবে।","TRUE"
"onboardingText","commander","comms","Comms: light-time delay and downlink priority ranking, binding only during a blackout window.","কমস: আলোক-সময় বিলম্ব এবং ডাউনলিংক অগ্রাধিকার ক্রম, শুধুমাত্র ব্ল্যাকআউট উইন্ডোর সময় প্রযোজ্য।","TRUE"
"onboardingText","commander","incidentCommand","Incident Command: response queue for detected incidents; per-crew habitat/shelter/EVA state.","ইনসিডেন্ট কমান্ড: শনাক্ত হওয়া দুর্ঘটনার জন্য প্রতিক্রিয়া সারি; প্রতি ক্রুর বাসস্থান/আশ্রয়/ইভিএ অবস্থা।","TRUE"
"onboardingText","commander","lifeSupport","Life Support: pO₂/pCO₂, potable water and food margins, and habitat thermal control.","লাইফ সাপোর্ট: pO₂/pCO₂, পানযোগ্য পানি ও খাবারের মজুত, এবং বাসস্থানের তাপ নিয়ন্ত্রণ।","TRUE"
"onboardingText","commander","missionCommand","Mission Command: station coverage and assignment, the sol's rollup plan, and scored goal progress.","মিশন কমান্ড: স্টেশন কভারেজ ও নিয়োগ, সোলের সারসংক্ষেপ পরিকল্পনা, এবং স্কোর করা লক্ষ্য অগ্রগতি।","TRUE"
"onboardingText","commander","power","Power: generation/demand balance, battery state of charge, and the load-shed priority order.","পাওয়ার: উৎপাদন/চাহিদার ভারসাম্য, ব্যাটারির চার্জ অবস্থা, এবং লোড-শেডিং অগ্রাধিকার ক্রম।","TRUE"
"goalText","cadet","scenario.firstLight.goal.primary","Keep everyone alive through the whole mission.","পুরো মিশন জুড়ে সবাইকে বাঁচিয়ে রাখুন।","TRUE"
"goalText","cadet","scenario.firstLight.goal.stretch","Don't let anything stay broken.","কোনো কিছু ভাঙা রাখবেন না।","TRUE"
"goalText","cadet","scenario.jezero.goal.primary","Do enough science, keep everything working, and get everyone home safe.","পর্যাপ্ত বিজ্ঞান করুন, সব কিছু কাজ করা অবস্থায় রাখুন, এবং সবাইকে নিরাপদে বাড়ি আনুন।","TRUE"
"goalText","cadet","scenario.jezero.goal.stretch","Pick every plant tray before you're done.","শেষ হওয়ার আগে প্রতিটি গাছের ট্রে তুলুন।","TRUE"
"goalText","cadet","scenario.theLongNight.goal.primary","Keep everyone alive through all three long nights.","তিনটি লম্বা রাত জুড়ে সবাইকে বাঁচিয়ে রাখুন।","TRUE"
"goalText","cadet","scenario.theLongNight.goal.stretch","Don't let anything stay broken.","কোনো কিছু ভাঙা রাখবেন না।","TRUE"
"goalText","specialist","scenario.firstLight.goal.primary","Survive the full night-day-night cycle with the whole crew alive.","পুরো ক্রু জীবিত রেখে সম্পূর্ণ রাত-দিন-রাত চক্র টিকে থাকুন।","TRUE"
"goalText","specialist","scenario.firstLight.goal.stretch","End the mission with no system left failed.","কোনো সিস্টেম বিকল না রেখে মিশন শেষ করুন।","TRUE"
"goalText","specialist","scenario.jezero.goal.primary","Meet the science target, keep every system running, and bring the whole crew home.","বিজ্ঞান লক্ষ্য পূরণ করুন, প্রতিটি সিস্টেম চালু রাখুন, এবং পুরো ক্রুকে বাড়ি ফিরিয়ে আনুন।","TRUE"
"goalText","specialist","scenario.jezero.goal.stretch","Harvest every crop tray before the mission ends.","মিশন শেষ হওয়ার আগে প্রতিটি ফসলের ট্রে সংগ্রহ করুন।","TRUE"
"goalText","specialist","scenario.theLongNight.goal.primary","Survive all three lunar nights with the whole crew alive.","পুরো ক্রু জীবিত রেখে তিনটি চন্দ্র-রাতই টিকে থাকুন।","TRUE"
"goalText","specialist","scenario.theLongNight.goal.stretch","End the mission with no system left failed.","কোনো সিস্টেম বিকল না রেখে মিশন শেষ করুন।","TRUE"
"goalText","commander","scenario.firstLight.goal.primary","Full mission duration elapsed, zero crew loss (surviveFullDurationNoLoss).","সম্পূর্ণ মিশন সময়কাল অতিক্রান্ত, শূন্য ক্রু ক্ষতি (surviveFullDurationNoLoss)।","TRUE"
"goalText","commander","scenario.firstLight.goal.stretch","No system in a failed state at mission end (noSystemLeftFailed).","মিশন শেষে কোনো সিস্টেম বিকল অবস্থায় নেই (noSystemLeftFailed)।","TRUE"
"goalText","commander","scenario.jezero.goal.primary","science.points >= scenarioTargetPoints, every system operational, full crew survival (engine/goals.ts's missionGoalsMet).","science.points >= scenarioTargetPoints, প্রতিটি সিস্টেম কার্যক্ষম, সম্পূর্ণ ক্রু বেঁচে থাকা (engine/goals.ts-এর missionGoalsMet)।","TRUE"
"goalText","commander","scenario.jezero.goal.stretch","All crop trays harvested at least once (harvestAllCropTrays).","সব ফসলের ট্রে অন্তত একবার সংগ্রহ করা হয়েছে (harvestAllCropTrays)।","TRUE"
"goalText","commander","scenario.theLongNight.goal.primary","Full mission duration elapsed, zero crew loss (surviveFullDurationNoLoss).","সম্পূর্ণ মিশন সময়কাল অতিক্রান্ত, শূন্য ক্রু ক্ষতি (surviveFullDurationNoLoss)।","TRUE"
"goalText","commander","scenario.theLongNight.goal.stretch","No system in a failed state at mission end (noSystemLeftFailed).","মিশন শেষে কোনো সিস্টেম বিকল অবস্থায় নেই (noSystemLeftFailed)।","TRUE"
"gaugeHelp","cadet","gauge.battery","How much power is stored up, like a big phone battery for the whole base.","কত বিদ্যুৎ জমা আছে, পুরো ঘাঁটির জন্য একটা বড় ফোনের ব্যাটারির মতো।","TRUE"
"gaugeHelp","cadet","gauge.cabin","How warm or cold it is inside. Too cold or too hot is bad for everyone.","ভেতরটা কতটা গরম বা ঠান্ডা। খুব ঠান্ডা বা খুব গরম দুটোই সবার জন্য খারাপ।","TRUE"
"gaugeHelp","cadet","gauge.co2","The bad air building up. The air cleaner takes it back out.","যে খারাপ বাতাস জমছে। বাতাস পরিষ্কারক এটা বের করে দেয়।","TRUE"
"gaugeHelp","cadet","gauge.food","How many days of food are left. Picking crops adds more.","কতদিনের খাবার বাকি আছে। ফসল তোলা হলে আরও যোগ হয়।","TRUE"
"gaugeHelp","cadet","gauge.oxygen","The air the crew breathes. If it gets too low, they can't breathe well.","ক্রু যে বাতাসে শ্বাস নেয়। এটা খুব কমে গেলে তারা ভালোভাবে শ্বাস নিতে পারে না।","TRUE"
"gaugeHelp","cadet","gauge.water","How many days of drinking water are left.","কতদিনের খাওয়ার পানি বাকি আছে।","TRUE"
"gaugeHelp","specialist","gauge.battery","Stored electrical energy. Generation below demand draws this down; sustained zero means load shedding.","মজুত বৈদ্যুতিক শক্তি। চাহিদার চেয়ে কম উৎপাদন এটি কমায়; স্থায়ীভাবে শূন্য মানে লোড শেডিং।","TRUE"
"gaugeHelp","specialist","gauge.cabin","Habitat air temperature. Too cold risks hypothermia and frozen water lines; too hot stresses the crew and the equipment bay.","বাসস্থানের বাতাসের তাপমাত্রা। খুব ঠান্ডা হাইপোথার্মিয়া এবং পানির পাইপ জমে যাওয়ার ঝুঁকি তৈরি করে; খুব গরম ক্রু এবং যন্ত্রপাতির উপর চাপ ফেলে।","TRUE"
"gaugeHelp","specialist","gauge.co2","Cabin CO₂ partial pressure. Rises as the crew breathes; the scrubber pulls it back down. The limit shown depends on the current rations mode — a harsher mode tolerates less.","কেবিনের CO₂-এর আংশিক চাপ। ক্রুর শ্বাস-প্রশ্বাসে বাড়ে; স্ক্রাবার এটি আবার কমায়। দেখানো সীমা বর্তমান রেশন মোডের উপর নির্ভর করে — কঠোর মোড কম সহ্য করে।","TRUE"
"gaugeHelp","specialist","gauge.food","Stored dry food mass, shown as days of supply at the current ration. Crops add to this when they're harvested.","মজুত শুষ্ক খাবারের ভর, বর্তমান রেশনে দিনের সরবরাহ হিসেবে দেখানো। ফসল সংগ্রহ করলে এতে যোগ হয়।","TRUE"
"gaugeHelp","specialist","gauge.oxygen","Cabin oxygen partial pressure. Below about 120 mmHg the crew is short of breath; the sim tracks this hour by hour, not just the total kg stored.","কেবিনের অক্সিজেনের আংশিক চাপ। প্রায় ১২০ mmHg-এর নিচে ক্রুর শ্বাসকষ্ট হয়; সিমুলেশন এটি ঘণ্টায় ঘণ্টায় ট্র্যাক করে, শুধু মোট মজুত কেজি নয়।","TRUE"
"gaugeHelp","specialist","gauge.water","Potable water on hand, shown as days of supply for the living crew at the current recovery rate.","হাতে থাকা পানযোগ্য পানি, বর্তমান পুনরুদ্ধার হারে জীবিত ক্রুর জন্য দিনের সরবরাহ হিসেবে দেখানো।","TRUE"
"gaugeHelp","commander","gauge.battery","State of charge. A sustained generation/demand deficit forces the load-shed priority order (Power console) to shed systems bottom-up.","চার্জের অবস্থা। একটি স্থায়ী উৎপাদন/চাহিদা ঘাটতি লোড-শেডিং অগ্রাধিকার ক্রমকে (পাওয়ার কনসোল) নিচ থেকে উপরে সিস্টেম বন্ধ করতে বাধ্য করে।","TRUE"
"gaugeHelp","commander","gauge.cabin","Habitat air temperature, thermostat-controlled. Drives the hypothermia clock below 15 °C and equipment/crew heat stress at the high end.","বাসস্থানের বাতাসের তাপমাত্রা, থার্মোস্ট্যাট-নিয়ন্ত্রিত। ১৫ °সে-এর নিচে হাইপোথার্মিয়া ঘড়ি এবং উচ্চ প্রান্তে যন্ত্রপাতি/ক্রু তাপ চাপ চালায়।","TRUE"
"gaugeHelp","commander","gauge.co2","pCO₂, cabin. Production scales with crew metabolic rate; scrubber uptime and efficiency set the removal side. Limit is mode-dependent (survivalModes' own co2LimitMmHg).","pCO₂, কেবিন। উৎপাদন ক্রুর বিপাকীয় হারের সাথে স্কেল করে; স্ক্রাবারের আপটাইম এবং দক্ষতা অপসারণের দিকটি নির্ধারণ করে। সীমা মোড-নির্ভর (survivalModes-এর নিজস্ব co2LimitMmHg)।","TRUE"
"gaugeHelp","commander","gauge.food","Dry mass reserve, expressed as days of supply at the current ration's kcal/crew-day. Harvests are a real, tracked inflow.","শুষ্ক ভরের মজুত, বর্তমান রেশনের kcal/ক্রু-দিনে দিনের সরবরাহ হিসেবে প্রকাশিত। ফসল সংগ্রহ একটি প্রকৃত, ট্র্যাক করা ইনফ্লো।","TRUE"
"gaugeHelp","commander","gauge.oxygen","pO₂, cabin. Hypoxic risk below ~120 mmHg (S1.1); tracked continuously, independent of the O₂ mass stored.","pO₂, কেবিন। ~১২০ mmHg-এর নিচে হাইপোক্সিক ঝুঁকি (S1.1); ক্রমাগত ট্র্যাক করা হয়, মজুত O₂ ভর থেকে স্বাধীন।","TRUE"
"gaugeHelp","commander","gauge.water","Potable reserve, expressed as days of supply at current per-crew consumption and recovery-loop efficiency.","পানযোগ্য মজুত, বর্তমান প্রতি-ক্রু ব্যবহার এবং পুনরুদ্ধার-লুপ দক্ষতায় দিনের সরবরাহ হিসেবে প্রকাশিত।","TRUE"
